-- MySQL dump 10.13  Distrib 5.5.57, for debian-linux-gnu (x86_64)
--
-- Host: localhost    Database: crawl
-- ------------------------------------------------------
-- Server version	5.6.38

/*!40101 SET @OLD_CHARACTER_SET_CLIENT=@@CHARACTER_SET_CLIENT */;
/*!40101 SET @OLD_CHARACTER_SET_RESULTS=@@CHARACTER_SET_RESULTS */;
/*!40101 SET @OLD_COLLATION_CONNECTION=@@COLLATION_CONNECTION */;
/*!40101 SET NAMES utf8 */;
/*!40103 SET @OLD_TIME_ZONE=@@TIME_ZONE */;
/*!40103 SET TIME_ZONE='+00:00' */;
/*!40014 SET @OLD_UNIQUE_CHECKS=@@UNIQUE_CHECKS, UNIQUE_CHECKS=0 */;
/*!40014 SET @OLD_FOREIGN_KEY_CHECKS=@@FOREIGN_KEY_CHECKS, FOREIGN_KEY_CHECKS=0 */;
/*!40101 SET @OLD_SQL_MODE=@@SQL_MODE, SQL_MODE='NO_AUTO_VALUE_ON_ZERO' */;
/*!40111 SET @OLD_SQL_NOTES=@@SQL_NOTES, SQL_NOTES=0 */;

--
-- Table structure for table `auth_group`
--

DROP TABLE IF EXISTS `auth_group`;
/*!40101 SET @saved_cs_client     = @@character_set_client */;
/*!40101 SET character_set_client = utf8 */;
CREATE TABLE `auth_group` (
  `id` int(11) NOT NULL AUTO_INCREMENT,
  `name` varchar(80) NOT NULL,
  PRIMARY KEY (`id`),
  UNIQUE KEY `name` (`name`)
) ENGINE=InnoDB DEFAULT CHARSET=latin1;
/*!40101 SET character_set_client = @saved_cs_client */;

--
-- Dumping data for table `auth_group`
--

LOCK TABLES `auth_group` WRITE;
/*!40000 ALTER TABLE `auth_group` DISABLE KEYS */;
/*!40000 ALTER TABLE `auth_group` ENABLE KEYS */;
UNLOCK TABLES;

--
-- Table structure for table `auth_group_permissions`
--

DROP TABLE IF EXISTS `auth_group_permissions`;
/*!40101 SET @saved_cs_client     = @@character_set_client */;
/*!40101 SET character_set_client = utf8 */;
CREATE TABLE `auth_group_permissions` (
  `id` int(11) NOT NULL AUTO_INCREMENT,
  `group_id` int(11) NOT NULL,
  `permission_id` int(11) NOT NULL,
  PRIMARY KEY (`id`),
  UNIQUE KEY `auth_group_permissions_group_id_permission_id_0cd325b0_uniq` (`group_id`,`permission_id`),
  KEY `auth_group_permissio_permission_id_84c5c92e_fk_auth_perm` (`permission_id`),
  CONSTRAINT `auth_group_permissio_permission_id_84c5c92e_fk_auth_perm` FOREIGN KEY (`permission_id`) REFERENCES `auth_permission` (`id`),
  CONSTRAINT `auth_group_permissions_group_id_b120cbf9_fk_auth_group_id` FOREIGN KEY (`group_id`) REFERENCES `auth_group` (`id`)
) ENGINE=InnoDB DEFAULT CHARSET=latin1;
/*!40101 SET character_set_client = @saved_cs_client */;

--
-- Dumping data for table `auth_group_permissions`
--

LOCK TABLES `auth_group_permissions` WRITE;
/*!40000 ALTER TABLE `auth_group_permissions` DISABLE KEYS */;
/*!40000 ALTER TABLE `auth_group_permissions` ENABLE KEYS */;
UNLOCK TABLES;

--
-- Table structure for table `auth_permission`
--

DROP TABLE IF EXISTS `auth_permission`;
/*!40101 SET @saved_cs_client     = @@character_set_client */;
/*!40101 SET character_set_client = utf8 */;
CREATE TABLE `auth_permission` (
  `id` int(11) NOT NULL AUTO_INCREMENT,
  `name` varchar(255) NOT NULL,
  `content_type_id` int(11) NOT NULL,
  `codename` varchar(100) NOT NULL,
  PRIMARY KEY (`id`),
  UNIQUE KEY `auth_permission_content_type_id_codename_01ab375a_uniq` (`content_type_id`,`codename`),
  CONSTRAINT `auth_permission_content_type_id_2f476e4b_fk_django_co` FOREIGN KEY (`content_type_id`) REFERENCES `django_content_type` (`id`)
) ENGINE=InnoDB AUTO_INCREMENT=46 DEFAULT CHARSET=latin1;
/*!40101 SET character_set_client = @saved_cs_client */;

--
-- Dumping data for table `auth_permission`
--

LOCK TABLES `auth_permission` WRITE;
/*!40000 ALTER TABLE `auth_permission` DISABLE KEYS */;
INSERT INTO `auth_permission` VALUES (1,'Can add log entry',1,'add_logentry'),(2,'Can change log entry',1,'change_logentry'),(3,'Can delete log entry',1,'delete_logentry'),(4,'Can add group',2,'add_group'),(5,'Can change group',2,'change_group'),(6,'Can delete group',2,'delete_group'),(7,'Can add permission',3,'add_permission'),(8,'Can change permission',3,'change_permission'),(9,'Can delete permission',3,'delete_permission'),(10,'Can add user',4,'add_user'),(11,'Can change user',4,'change_user'),(12,'Can delete user',4,'delete_user'),(13,'Can add content type',5,'add_contenttype'),(14,'Can change content type',5,'change_contenttype'),(15,'Can delete content type',5,'delete_contenttype'),(16,'Can add session',6,'add_session'),(17,'Can change session',6,'change_session'),(18,'Can delete session',6,'delete_session'),(19,'Can add momo test',7,'add_momotest'),(20,'Can change momo test',7,'change_momotest'),(21,'Can delete momo test',7,'delete_momotest'),(22,'Can add runoob tbl',8,'add_runoobtbl'),(23,'Can change runoob tbl',8,'change_runoobtbl'),(24,'Can delete runoob tbl',8,'delete_runoobtbl'),(25,'Can add result urls',9,'add_resulturls'),(26,'Can change result urls',9,'change_resulturls'),(27,'Can delete result urls',9,'delete_resulturls'),(28,'Can add result_urls',10,'add_result_urls'),(29,'Can change result_urls',10,'change_result_urls'),(30,'Can delete result_urls',10,'delete_result_urls'),(31,'Can add crawl_urls',11,'add_crawl_urls'),(32,'Can change crawl_urls',11,'change_crawl_urls'),(33,'Can delete crawl_urls',11,'delete_crawl_urls'),(34,'Can add file_urls',12,'add_file_urls'),(35,'Can change file_urls',12,'change_file_urls'),(36,'Can delete file_urls',12,'delete_file_urls'),(37,'Can add lfi_urls',13,'add_lfi_urls'),(38,'Can change lfi_urls',13,'change_lfi_urls'),(39,'Can delete lfi_urls',13,'delete_lfi_urls'),(40,'Can add sql_urls',14,'add_sql_urls'),(41,'Can change sql_urls',14,'change_sql_urls'),(42,'Can delete sql_urls',14,'delete_sql_urls'),(43,'Can add xss_urls',15,'add_xss_urls'),(44,'Can change xss_urls',15,'change_xss_urls'),(45,'Can delete xss_urls',15,'delete_xss_urls');
/*!40000 ALTER TABLE `auth_permission` ENABLE KEYS */;
UNLOCK TABLES;

--
-- Table structure for table `auth_user`
--

DROP TABLE IF EXISTS `auth_user`;
/*!40101 SET @saved_cs_client     = @@character_set_client */;
/*!40101 SET character_set_client = utf8 */;
CREATE TABLE `auth_user` (
  `id` int(11) NOT NULL AUTO_INCREMENT,
  `password` varchar(128) NOT NULL,
  `last_login` datetime(6) DEFAULT NULL,
  `is_superuser` tinyint(1) NOT NULL,
  `username` varchar(150) NOT NULL,
  `first_name` varchar(30) NOT NULL,
  `last_name` varchar(30) NOT NULL,
  `email` varchar(254) NOT NULL,
  `is_staff` tinyint(1) NOT NULL,
  `is_active` tinyint(1) NOT NULL,
  `date_joined` datetime(6) NOT NULL,
  PRIMARY KEY (`id`),
  UNIQUE KEY `username` (`username`)
) ENGINE=InnoDB AUTO_INCREMENT=2 DEFAULT CHARSET=latin1;
/*!40101 SET character_set_client = @saved_cs_client */;

--
-- Dumping data for table `auth_user`
--

LOCK TABLES `auth_user` WRITE;
/*!40000 ALTER TABLE `auth_user` DISABLE KEYS */;
INSERT INTO `auth_user` VALUES (1,'pbkdf2_sha256$36000$75w5Jwfuh4P5$6CIVJH88MYjmOFRNbx7KG2jb55+gGHvyiEbcTdUAOcg=','2017-12-12 06:45:15.656239',1,'M954','','','',1,1,'2017-12-12 02:22:28.084317');
/*!40000 ALTER TABLE `auth_user` ENABLE KEYS */;
UNLOCK TABLES;

--
-- Table structure for table `auth_user_groups`
--

DROP TABLE IF EXISTS `auth_user_groups`;
/*!40101 SET @saved_cs_client     = @@character_set_client */;
/*!40101 SET character_set_client = utf8 */;
CREATE TABLE `auth_user_groups` (
  `id` int(11) NOT NULL AUTO_INCREMENT,
  `user_id` int(11) NOT NULL,
  `group_id` int(11) NOT NULL,
  PRIMARY KEY (`id`),
  UNIQUE KEY `auth_user_groups_user_id_group_id_94350c0c_uniq` (`user_id`,`group_id`),
  KEY `auth_user_groups_group_id_97559544_fk_auth_group_id` (`group_id`),
  CONSTRAINT `auth_user_groups_group_id_97559544_fk_auth_group_id` FOREIGN KEY (`group_id`) REFERENCES `auth_group` (`id`),
  CONSTRAINT `auth_user_groups_user_id_6a12ed8b_fk_auth_user_id` FOREIGN KEY (`user_id`) REFERENCES `auth_user` (`id`)
) ENGINE=InnoDB DEFAULT CHARSET=latin1;
/*!40101 SET character_set_client = @saved_cs_client */;

--
-- Dumping data for table `auth_user_groups`
--

LOCK TABLES `auth_user_groups` WRITE;
/*!40000 ALTER TABLE `auth_user_groups` DISABLE KEYS */;
/*!40000 ALTER TABLE `auth_user_groups` ENABLE KEYS */;
UNLOCK TABLES;

--
-- Table structure for table `auth_user_user_permissions`
--

DROP TABLE IF EXISTS `auth_user_user_permissions`;
/*!40101 SET @saved_cs_client     = @@character_set_client */;
/*!40101 SET character_set_client = utf8 */;
CREATE TABLE `auth_user_user_permissions` (
  `id` int(11) NOT NULL AUTO_INCREMENT,
  `user_id` int(11) NOT NULL,
  `permission_id` int(11) NOT NULL,
  PRIMARY KEY (`id`),
  UNIQUE KEY `auth_user_user_permissions_user_id_permission_id_14a6b632_uniq` (`user_id`,`permission_id`),
  KEY `auth_user_user_permi_permission_id_1fbb5f2c_fk_auth_perm` (`permission_id`),
  CONSTRAINT `auth_user_user_permi_permission_id_1fbb5f2c_fk_auth_perm` FOREIGN KEY (`permission_id`) REFERENCES `auth_permission` (`id`),
  CONSTRAINT `auth_user_user_permissions_user_id_a95ead1b_fk_auth_user_id` FOREIGN KEY (`user_id`) REFERENCES `auth_user` (`id`)
) ENGINE=InnoDB DEFAULT CHARSET=latin1;
/*!40101 SET character_set_client = @saved_cs_client */;

--
-- Dumping data for table `auth_user_user_permissions`
--

LOCK TABLES `auth_user_user_permissions` WRITE;
/*!40000 ALTER TABLE `auth_user_user_permissions` DISABLE KEYS */;
/*!40000 ALTER TABLE `auth_user_user_permissions` ENABLE KEYS */;
UNLOCK TABLES;

--
-- Temporary table structure for view `child_urls`
--

DROP TABLE IF EXISTS `child_urls`;
/*!50001 DROP VIEW IF EXISTS `child_urls`*/;
SET @saved_cs_client     = @@character_set_client;
SET character_set_client = utf8;
/*!50001 CREATE TABLE `child_urls` (
  `domain` tinyint NOT NULL
) ENGINE=MyISAM */;
SET character_set_client = @saved_cs_client;

--
-- Table structure for table `crawl_urls`
--

DROP TABLE IF EXISTS `crawl_urls`;
/*!40101 SET @saved_cs_client     = @@character_set_client */;
/*!40101 SET character_set_client = utf8 */;
CREATE TABLE `crawl_urls` (
  `url` varchar(1000) NOT NULL,
  `id` int(10) NOT NULL AUTO_INCREMENT,
  PRIMARY KEY (`id`)
) ENGINE=InnoDB AUTO_INCREMENT=331 DEFAULT CHARSET=latin1;
/*!40101 SET character_set_client = @saved_cs_client */;

--
-- Dumping data for table `crawl_urls`
--

LOCK TABLES `crawl_urls` WRITE;
/*!40000 ALTER TABLE `crawl_urls` DISABLE KEYS */;
INSERT INTO `crawl_urls` VALUES ('http://demo.aisec.cn/demo/aisec/html_link.php',171),('http://demo.aisec.cn/demo/aisec/login.php',172),('http://demo.aisec.cn/demo/aisec/js_link.php',173),('http://demo.aisec.cn/demo/aisec/cookie_link.php',174),('http://demo.aisec.cn/demo/aisec/click_link.php',175),('http://demo.aisec.cn/demo/aisec/post_link.php',176),('http://demo.aisec.cn/demo/aisec/ajax_link.php',177),('http://demo.aisec.cn/demo/aisec/other/',178),('http://demo.aisec.cn/demo/aisec/index.php',179),('http://demo.aisec.cn/demo/aisec/',180),('http://demo.aisec.cn',181),('http://demo.aisec.cn/demo/aisec/login2.php',182),('http://www.aisec.cn/aiscanner/report.php',183),('http://testasp.vulnweb.com',184),('http://testphp.vulnweb.com/AJAX/',185),('http://demo.testfire.net/',186),('http://demo.aisec.cn/',187),('http://testphp.vulnweb.com',188),('http://zero.webappsecurity.com',189),('http://testaspnet.vulnweb.com',190),('http://crackme.cenzic.com',191),('http://www.aisec.cn/aiscanner/new.php',192),('http://www.aisec.cn/aiscanner/imageCode.php',193),('http://www.aisec.cn/cn/products.php',194),('http://www.aisec.cn/',195),('http://www.aisec.cn/aiscanner/login.php',196),('http://www.aisec.cn/aiscanner/reg.php',197),('https://www.aisec.com/aiscanner/',198),('http://www.cmdi.chinamobile.com',199),('http://www.owasp.org.cn',200),('http://www.gqhmt.com',201),('http://www.atmb.net.cn',202),('http://www.sic.gov.cn',203),('https://www.baidu.com',204),('https://www.aisec.com/cn/read.php',205),('http://www.nitsc.cn',206),('http://www.hfbank.com.cn',207),('http://ditu.amap.com',208),('http://caifu.yixin.com',209),('https://www.aisec.com/cn/products_service.php',210),('https://www.aisec.com/cn/jobs.php',211),('http://www.163.com',212),('http://www.taiji.com.cn',213),('http://www.sohu.com',214),('http://www.58.com',215),('http://www.csrc.gov.cn',216),('http://www.abchina.com',217),('http://www.boc.cn',218),('http://www.ifeng.com',219),('http://cn.made-in-china.com',220),('http://www.coastalbank.cn',221),('http://www.shicaidai.com',222),('http://www.thedream.cc',223),('https://www.aisec.com/cn/products.php',224),('https://www.aisec.com/cn/products_system.php',225),('https://www.aisec.com/cn/whouse.php',226),('https://www.aisec.com/cn/contact.php',227),('https://www.aisec.com/cn/products_webids.php',228),('http://www.sziit.com.cn',229),('http://www.titansec.com.cn',230),('http://www.bjgas.com',231),('http://www.klb.cn',232),('http://www.jybank.com.cn',233),('https://www.aisec.com/cn/index.php',234),('https://www.aisec.com/cn/products_waf.php',235),('https://www.aisec.com/cn/products_scan.php',236),('http://www.qgs-china.com',237),('http://www.itsec.gov.cn',238),('http://www.isccc.gov.cn',239),('http://www.taikang.com',240),('http://www.ganji.com',241),('http://www.bcia.com.cn',242),('https://www.aisec.com/cn/products_apt.php',243),('http://www.miit.gov.cn',244),('http://www.bj-tct.com',245),('http://www.czce.com.cn',246),('http://xingtianhy.yellowurl.cn',247),('http://www.pbc.gov.cn',248),('http://www.ebrightinfo.com',249),('http://www.miibeian.gov.cn',250),('https://www.aisec.com/cn/products_dengbao.php',251),('http://www.meituan.com',252),('http://www.bjryxx.com',253),('http://www.abchinalife.cn',254),('https://www.aisec.com/cn/products_service_learn.php',255),('https://www.zsteel.cc',256),('https://www.aisec.com/cn/',257),('http://www.forestry.gov.cn',258),('http://www.ndrc.gov.cn',259),('http://www.shtec.org',260),('https://www.aisec.com/cn/aptitude.php',261),('http://www.mcprc.gov.cn',262),('http://www.cnvd.org.cn',263),('https://www.aisec.com/cn/license.php',264),('https://www.joinquant.com',265),('http://www.cert.org.cn',266),('http://www.bsb.com.cn',267),('http://www.csg.cn',268),('http://www.fri.com.cn/',269),('http://www.cmbc.com.cn',270),('https://www.aisec.com/cn/news.php',271),('http://www.bupt.edu.cn',272),('http://www.ccb.com',273),('http://www.wkjt.net',274),('http://www.sbr-info.com',275),('http://www.didichuxing.com',276),('http://www.caheb.gov.cn',277),('http://www.huawei.com',278),('https://www.aisec.com/cn/feedback.php',279),('http://www.500wan.com',280),('https://www.aisec.com/cn/maps.php',281),('http://www.caict.ac.cn',282),('http://www.casic.com.cn',283),('http://www.hust.edu.cn',284),('http://www.icbc.com.cn',285),('http://www.verycd.com',286),('http://www.cnnvd.org.cn',287),('http://www.cdb.com.cn',288),('http://www.newchinalife.com',289),('http://www.lottery.com.cn',290),('http://www.secwk.com',291),('http://www.chukong-inc.com',292),('https://www.creditease.cn',293),('http://www.westi.com.cn',294),('https://www.360.cn',295),('http://www.trimps.ac.cn',296),('http://www.sgcc.com.cn',297),('http://www.most.gov.cn',298),('http://www.aisec.cn/cn/products_scan_paper.php',299),('http://www.aisec.cn/cn/maps.php',300),('http://www.aisec.cn/cn/products_service_learn_CWASP.php',301),('http://www.aisec.cn/cn/jobs.php',302),('http://www.aisec.cn/cn/products_service_learn.php',303),('http://www.aisec.cn/cn/index.php',304),('http://www.aisec.cn/aiscanner/',305),('http://www.aisec.cn/cn/license.php',306),('http://www.aisec.cn/cn/aptitude.php',307),('http://www.aisec.cn/cn/contact.php',308),('http://www.aisec.cn/cn/products_webids.php',309),('http://www.aisec.cn/cn/news.php',310),('http://www.aisec.cn/cn/products_dengji.php',311),('http://www.aisec.cn/cn/feedback.php',312),('http://www.aisec.cn/cn/about.php',313),('http://www.aisec.cn/cn/products_system.php',314),('http://www.aisec.cn/cn/whouse.php',315),('http://www.aisec.cn/cn/products_apt.php',316),('http://www.aisec.cn/cn/products_scan.php',317),('http://create.maka.im/k/ZCY7QIN9',318),('http://www.aisec.cn/cn/products_service.php',319),('http://www.aisec.cn/cn/products_dengbao.php',320),('http://www.aisec.cn/cn/products_waf.php',321),('http://www.aisec.cn/cn/read.php',322),('http://www.seczone.org/seczone/CWASPAuCo/',323),('http://baike.baidu.com/view/1958668.htm',324),('http://www.seczone.org/seczone/CWASPInt/',325),('http://www.aisec.cn/cn/products_scan2.php',326),('https://mp.weixin.qq.com/s',327),('http://mp.weixin.qq.com/s',328),('http://www.itsec.gov.cn/',329),('http://www.aisec.cn/cn/products_system_paper.php',330);
/*!40000 ALTER TABLE `crawl_urls` ENABLE KEYS */;
UNLOCK TABLES;

--
-- Table structure for table `django_admin_log`
--

DROP TABLE IF EXISTS `django_admin_log`;
/*!40101 SET @saved_cs_client     = @@character_set_client */;
/*!40101 SET character_set_client = utf8 */;
CREATE TABLE `django_admin_log` (
  `id` int(11) NOT NULL AUTO_INCREMENT,
  `action_time` datetime(6) NOT NULL,
  `object_id` longtext,
  `object_repr` varchar(200) NOT NULL,
  `action_flag` smallint(5) unsigned NOT NULL,
  `change_message` longtext NOT NULL,
  `content_type_id` int(11) DEFAULT NULL,
  `user_id` int(11) NOT NULL,
  PRIMARY KEY (`id`),
  KEY `django_admin_log_content_type_id_c4bce8eb_fk_django_co` (`content_type_id`),
  KEY `django_admin_log_user_id_c564eba6_fk_auth_user_id` (`user_id`),
  CONSTRAINT `django_admin_log_content_type_id_c4bce8eb_fk_django_co` FOREIGN KEY (`content_type_id`) REFERENCES `django_content_type` (`id`),
  CONSTRAINT `django_admin_log_user_id_c564eba6_fk_auth_user_id` FOREIGN KEY (`user_id`) REFERENCES `auth_user` (`id`)
) ENGINE=InnoDB DEFAULT CHARSET=latin1;
/*!40101 SET character_set_client = @saved_cs_client */;

--
-- Dumping data for table `django_admin_log`
--

LOCK TABLES `django_admin_log` WRITE;
/*!40000 ALTER TABLE `django_admin_log` DISABLE KEYS */;
/*!40000 ALTER TABLE `django_admin_log` ENABLE KEYS */;
UNLOCK TABLES;

--
-- Table structure for table `django_content_type`
--

DROP TABLE IF EXISTS `django_content_type`;
/*!40101 SET @saved_cs_client     = @@character_set_client */;
/*!40101 SET character_set_client = utf8 */;
CREATE TABLE `django_content_type` (
  `id` int(11) NOT NULL AUTO_INCREMENT,
  `app_label` varchar(100) NOT NULL,
  `model` varchar(100) NOT NULL,
  PRIMARY KEY (`id`),
  UNIQUE KEY `django_content_type_app_label_model_76bd3d3b_uniq` (`app_label`,`model`)
) ENGINE=InnoDB AUTO_INCREMENT=16 DEFAULT CHARSET=latin1;
/*!40101 SET character_set_client = @saved_cs_client */;

--
-- Dumping data for table `django_content_type`
--

LOCK TABLES `django_content_type` WRITE;
/*!40000 ALTER TABLE `django_content_type` DISABLE KEYS */;
INSERT INTO `django_content_type` VALUES (1,'admin','logentry'),(2,'auth','group'),(3,'auth','permission'),(4,'auth','user'),(5,'contenttypes','contenttype'),(11,'momo','crawl_urls'),(12,'momo','file_urls'),(13,'momo','lfi_urls'),(7,'momo','momotest'),(9,'momo','resulturls'),(10,'momo','result_urls'),(8,'momo','runoobtbl'),(14,'momo','sql_urls'),(15,'momo','xss_urls'),(6,'sessions','session');
/*!40000 ALTER TABLE `django_content_type` ENABLE KEYS */;
UNLOCK TABLES;

--
-- Table structure for table `django_migrations`
--

DROP TABLE IF EXISTS `django_migrations`;
/*!40101 SET @saved_cs_client     = @@character_set_client */;
/*!40101 SET character_set_client = utf8 */;
CREATE TABLE `django_migrations` (
  `id` int(11) NOT NULL AUTO_INCREMENT,
  `app` varchar(255) NOT NULL,
  `name` varchar(255) NOT NULL,
  `applied` datetime(6) NOT NULL,
  PRIMARY KEY (`id`)
) ENGINE=InnoDB AUTO_INCREMENT=18 DEFAULT CHARSET=latin1;
/*!40101 SET character_set_client = @saved_cs_client */;

--
-- Dumping data for table `django_migrations`
--

LOCK TABLES `django_migrations` WRITE;
/*!40000 ALTER TABLE `django_migrations` DISABLE KEYS */;
INSERT INTO `django_migrations` VALUES (1,'contenttypes','0001_initial','2017-12-12 02:19:28.194796'),(2,'auth','0001_initial','2017-12-12 02:19:37.520163'),(3,'admin','0001_initial','2017-12-12 02:19:39.626299'),(4,'admin','0002_logentry_remove_auto_add','2017-12-12 02:19:39.835504'),(5,'contenttypes','0002_remove_content_type_name','2017-12-12 02:19:41.329848'),(6,'auth','0002_alter_permission_name_max_length','2017-12-12 02:19:42.265255'),(7,'auth','0003_alter_user_email_max_length','2017-12-12 02:19:43.069085'),(8,'auth','0004_alter_user_username_opts','2017-12-12 02:19:43.134522'),(9,'auth','0005_alter_user_last_login_null','2017-12-12 02:19:43.737643'),(10,'auth','0006_require_contenttypes_0002','2017-12-12 02:19:43.787563'),(11,'auth','0007_alter_validators_add_error_messages','2017-12-12 02:19:43.851238'),(12,'auth','0008_alter_user_username_max_length','2017-12-12 02:19:44.773213'),(13,'momo','0001_initial','2017-12-12 02:19:44.831025'),(14,'sessions','0001_initial','2017-12-12 02:19:45.466633'),(15,'momo','0002_resulturls','2017-12-12 02:41:48.772722'),(16,'momo','0003_result_urls','2017-12-12 02:41:48.830219'),(17,'momo','0004_crawl_urls_file_urls_lfi_urls_sql_urls_xss_urls','2017-12-12 06:44:25.789316');
/*!40000 ALTER TABLE `django_migrations` ENABLE KEYS */;
UNLOCK TABLES;

--
-- Table structure for table `django_session`
--

DROP TABLE IF EXISTS `django_session`;
/*!40101 SET @saved_cs_client     = @@character_set_client */;
/*!40101 SET character_set_client = utf8 */;
CREATE TABLE `django_session` (
  `session_key` varchar(40) NOT NULL,
  `session_data` longtext NOT NULL,
  `expire_date` datetime(6) NOT NULL,
  PRIMARY KEY (`session_key`),
  KEY `django_session_expire_date_a5c62663` (`expire_date`)
) ENGINE=InnoDB DEFAULT CHARSET=latin1;
/*!40101 SET character_set_client = @saved_cs_client */;

--
-- Dumping data for table `django_session`
--

LOCK TABLES `django_session` WRITE;
/*!40000 ALTER TABLE `django_session` DISABLE KEYS */;
INSERT INTO `django_session` VALUES ('mq23flieo4zodvnvd1dseyz0dr63iypr','ZjZiOGRhYzgzMjY4ZDI5MjhiMjVlMzRkMmY0ZTFiZGMxZTZmMWEzMjp7Il9hdXRoX3VzZXJfaGFzaCI6IjMyYTA5NjdjNzEyOTJjOWY0Yjk3YjFjMDdkNGJmZGYxNzZkZmNkMWUiLCJfYXV0aF91c2VyX2JhY2tlbmQiOiJkamFuZ28uY29udHJpYi5hdXRoLmJhY2tlbmRzLk1vZGVsQmFja2VuZCIsIl9hdXRoX3VzZXJfaWQiOiIxIn0=','2017-12-26 06:45:15.757103');
/*!40000 ALTER TABLE `django_session` ENABLE KEYS */;
UNLOCK TABLES;

--
-- Table structure for table `file_urls`
--

DROP TABLE IF EXISTS `file_urls`;
/*!40101 SET @saved_cs_client     = @@character_set_client */;
/*!40101 SET character_set_client = utf8 */;
CREATE TABLE `file_urls` (
  `domain` varchar(100) NOT NULL,
  `url` varchar(500) NOT NULL,
  `status` varchar(20) NOT NULL,
  `id` int(10) NOT NULL AUTO_INCREMENT,
  PRIMARY KEY (`id`)
) ENGINE=InnoDB AUTO_INCREMENT=9 DEFAULT CHARSET=latin1;
/*!40101 SET character_set_client = @saved_cs_client */;

--
-- Dumping data for table `file_urls`
--

LOCK TABLES `file_urls` WRITE;
/*!40000 ALTER TABLE `file_urls` DISABLE KEYS */;
INSERT INTO `file_urls` VALUES ('demo.aisec.cn','http://demo.aisec.cn/demo/aisec/1.php','200',1),('demo.aisec.cn','http://demo.aisec.cn/demo/aisec/admin/index.php','200',2),('demo.aisec.cn','http://demo.aisec.cn/demo/aisec/config.php','200',3),('demo.aisec.cn','http://demo.aisec.cn/demo/aisec/index.bak','200',4),('demo.aisec.cn','http://demo.aisec.cn/demo/aisec/index.php','200',5),('demo.aisec.cn','http://demo.aisec.cn/demo/aisec/login.php','302',6),('demo.aisec.cn','http://demo.aisec.cn/demo/aisec/main.php','200',7),('demo.aisec.cn','http://demo.aisec.cn/demo/aisec/test.php','200',8);
/*!40000 ALTER TABLE `file_urls` ENABLE KEYS */;
UNLOCK TABLES;

--
-- Table structure for table `filter_urls`
--

DROP TABLE IF EXISTS `filter_urls`;
/*!40101 SET @saved_cs_client     = @@character_set_client */;
/*!40101 SET character_set_client = utf8 */;
CREATE TABLE `filter_urls` (
  `domain` varchar(100) NOT NULL,
  `path` varchar(500) NOT NULL,
  `total_num` int(10) NOT NULL,
  `inject_num` int(10) NOT NULL
) ENGINE=InnoDB DEFAULT CHARSET=latin1;
/*!40101 SET character_set_client = @saved_cs_client */;

--
-- Dumping data for table `filter_urls`
--

LOCK TABLES `filter_urls` WRITE;
/*!40000 ALTER TABLE `filter_urls` DISABLE KEYS */;
/*!40000 ALTER TABLE `filter_urls` ENABLE KEYS */;
UNLOCK TABLES;

--
-- Table structure for table `lfi_urls`
--

DROP TABLE IF EXISTS `lfi_urls`;
/*!40101 SET @saved_cs_client     = @@character_set_client */;
/*!40101 SET character_set_client = utf8 */;
CREATE TABLE `lfi_urls` (
  `method` varchar(100) NOT NULL,
  `url` varchar(500) DEFAULT NULL,
  `payload` varchar(1000) DEFAULT NULL,
  `type` varchar(100) DEFAULT NULL,
  `id` int(10) NOT NULL AUTO_INCREMENT,
  PRIMARY KEY (`id`)
) ENGINE=InnoDB AUTO_INCREMENT=5 DEFAULT CHARSET=latin1;
/*!40101 SET character_set_client = @saved_cs_client */;

--
-- Dumping data for table `lfi_urls`
--

LOCK TABLES `lfi_urls` WRITE;
/*!40000 ALTER TABLE `lfi_urls` DISABLE KEYS */;
INSERT INTO `lfi_urls` VALUES ('get','http://localhost/vulnerabilities/fi/?page=file3.php','http://localhost/vulnerabilities/fi/?page=../../../../../../../../../../../../../../../../etc/passwd','linux',1),('GET','http://demo.aisec.cn/demo/aisec/html_link.php?id=2','http://demo.aisec.cn/demo/aisec/html_link.php?id=../../../../../../../../../../../../../../../../etc/passwd%00.html','linux',2),('GET','http://demo.aisec.cn/demo/aisec/html_link.php?id=2','http://demo.aisec.cn/demo/aisec/html_link.php?id=../../../../../../../../../../../../../../../../etc/passwd%00.html','linux',3),('GET','http://demo.aisec.cn/demo/aisec/html_link.php?id=2','http://demo.aisec.cn/demo/aisec/html_link.php?id=../../../../../../../../../../../../../../../../etc/passwd%00.html','linux',4);
/*!40000 ALTER TABLE `lfi_urls` ENABLE KEYS */;
UNLOCK TABLES;

--
-- Table structure for table `result_urls`
--

DROP TABLE IF EXISTS `result_urls`;
/*!40101 SET @saved_cs_client     = @@character_set_client */;
/*!40101 SET character_set_client = utf8 */;
CREATE TABLE `result_urls` (
  `domain` varchar(100) NOT NULL,
  `url` varchar(500) NOT NULL,
  `port` int(10) NOT NULL,
  `method` varchar(10) NOT NULL,
  `query` varchar(500) DEFAULT NULL,
  `data` varchar(5000) DEFAULT NULL,
  `rawurl` varchar(500) NOT NULL,
  `id` int(10) NOT NULL,
  PRIMARY KEY (`id`)
) ENGINE=InnoDB DEFAULT CHARSET=utf8;
/*!40101 SET character_set_client = @saved_cs_client */;

--
-- Dumping data for table `result_urls`
--

LOCK TABLES `result_urls` WRITE;
/*!40000 ALTER TABLE `result_urls` DISABLE KEYS */;
INSERT INTO `result_urls` VALUES ('demo.aisec.cn','http://demo.aisec.cn/demo/aisec/ajax_link.php',-1,'POST','{\"id\": \"1\", \"t\": \"0.800803549354896\"}','POST /demo/aisec/ajax_link.php HTTP/1.1\r\nHost: demo.aisec.cn\r\nUser-Agent: Mozilla/5.0 (X11; Linux x86_64) AppleWebKit/537.21 (KHTML, like Gecko) dummy Safari/537.21\r\nReferer: http://demo.aisec.cn/demo/aisec/\r\nOrigin: http://demo.aisec.cn\r\nAccept: */*\r\nContent-Length: 0\r\nCookie: \r\n\r\n','http://demo.aisec.cn/demo/aisec/ajax_link.php?id=1&t=0.800803549354896',0),('demo.aisec.cn','http://demo.aisec.cn/demo/aisec/html_link.php',-1,'GET','{\"id\": \"2\"}','','http://demo.aisec.cn/demo/aisec/html_link.php?id=2',1),('demo.aisec.cn','http://demo.aisec.cn/demo/aisec/js_link.php',-1,'GET','{\"msg\": \"abc\", \"id\": \"2\"}','','http://demo.aisec.cn/demo/aisec/js_link.php?id=2&msg=abc',2),('demo.aisec.cn','http://demo.aisec.cn/demo/aisec/click_link.php',-1,'GET','{\"id\": \"2\"}','','http://demo.aisec.cn/demo/aisec/click_link.php?id=2',3),('demo.aisec.cn','http://demo.aisec.cn/demo/aisec/cookie_link.php',-1,'GET','{\"id\": \"1\"}','','http://demo.aisec.cn/demo/aisec/cookie_link.php?id=1',4),('demo.aisec.cn','http://demo.aisec.cn/demo/aisec/login2.php',-1,'POST','{}','POST /demo/aisec/login2.php HTTP/1.1\r\nHost: demo.aisec.cn\r\nAccept: text/html,application/xhtml+xml,application/xml;q=0.9,*/*;q=0.8\r\nReferer: http://demo.aisec.cn/demo/aisec/login2.php\r\nOrigin: http://demo.aisec.cn\r\nUser-Agent: Mozilla/5.0 (X11; Linux x86_64) AppleWebKit/537.21 (KHTML, like Gecko) dummy Safari/537.21\r\nContent-Type: application/x-www-form-urlencoded\r\nContent-Length: 19\r\nCookie: \r\n\r\nusername=&password=','http://demo.aisec.cn/demo/aisec/login2.php?',5),('demo.aisec.cn','http://demo.aisec.cn/demo/aisec/ajax_link.php',-1,'GET','{\"id\": \"1\", \"t\": \"0.800803549354896\"}','','http://demo.aisec.cn/demo/aisec/ajax_link.php?id=1&t=0.800803549354896',6),('demo.aisec.cn','http://demo.aisec.cn/demo/aisec/ajax_link.php',-1,'POST','{\"id\": \"1\", \"t\": \"0.792911178432405\"}','POST /demo/aisec/ajax_link.php HTTP/1.1\r\nHost: demo.aisec.cn\r\nUser-Agent: Mozilla/5.0 (X11; Linux x86_64) AppleWebKit/537.21 (KHTML, like Gecko) dummy Safari/537.21\r\nReferer: http://demo.aisec.cn/demo/aisec/index.php\r\nOrigin: http://demo.aisec.cn\r\nAccept: */*\r\nContent-Length: 0\r\nCookie: \r\n\r\n','http://demo.aisec.cn/demo/aisec/ajax_link.php?id=1&t=0.792911178432405',7),('demo.aisec.cn','http://demo.aisec.cn/demo/aisec/post_link.php',-1,'POST','{}','POST /demo/aisec/post_link.php HTTP/1.1\r\nHost: demo.aisec.cn\r\nAccept: text/html,application/xhtml+xml,application/xml;q=0.9,*/*;q=0.8\r\nReferer: http://demo.aisec.cn/demo/aisec/index.php\r\nOrigin: http://demo.aisec.cn\r\nUser-Agent: Mozilla/5.0 (X11; Linux x86_64) AppleWebKit/537.21 (KHTML, like Gecko) dummy Safari/537.21\r\nContent-Type: multipart/form-data; boundary=----WebKitFormBoundaryOwrjXgcA2rqczWnu\r\nContent-Length: 322\r\nCookie: u=guest; domain=demo.aisec.cn; path=/demo/aisec/\r\n\r\n------WebKitFormBoundaryOwrjXgcA2rqczWnu\r\nContent-Disposition: form-data; name=\"id\"\r\n\r\n1\r\n------WebKitFormBoundaryOwrjXgcA2rqczWnu\r\nContent-Disposition: form-data; name=\"msg\"\r\n\r\nabc\r\n------WebKitFormBoundaryOwrjXgcA2rqczWnu\r\nContent-Disposition: form-data; name=\"B1\"\r\n\r\n提交\r\n------WebKitFormBoundaryOwrjXgcA2rqczWnu--\r\n','http://demo.aisec.cn/demo/aisec/post_link.php',8),('www.aisec.cn','http://www.aisec.cn/aiscanner/report.php',-1,'GET','{\"h\": \"fe482340d4fe9a89\", \"id\": \"894179\"}','','http://www.aisec.cn/aiscanner/report.php?id=894179&h=fe482340d4fe9a89',9),('www.aisec.cn','http://www.aisec.cn/aiscanner/login.php',-1,'GET','{\"msg\": \"%E8%AF%B7%E5%85%88%E7%99%BB%E5%BD%95\", \"t\": \"1513059418\"}','','http://www.aisec.cn/aiscanner/login.php?msg=%E8%AF%B7%E5%85%88%E7%99%BB%E5%BD%95&t=1513059418',10),('www.aisec.cn','http://www.aisec.cn/aiscanner/imageCode.php',-1,'GET','{\"r\": \"0.6655058558098972\"}','','http://www.aisec.cn/aiscanner/imageCode.php?r=1513059419&r=0.6655058558098972',11),('www.aisec.cn','http://www.aisec.cn/aiscanner/login.php',-1,'POST','{}','POST /aiscanner/login.php HTTP/1.1\r\nHost: www.aisec.cn\r\nAccept: text/html,application/xhtml+xml,application/xml;q=0.9,*/*;q=0.8\r\nReferer: http://www.aisec.cn/aiscanner/login.php?msg=%25E8%25AF%25B7%25E5%2585%2588%25E7%2599%25BB%25E5%25BD%2595&t=1513059418\r\nOrigin: http://www.aisec.cn\r\nUser-Agent: Mozilla/5.0 (X11; Linux x86_64) AppleWebKit/537.21 (KHTML, like Gecko) dummy Safari/537.21\r\nContent-Type: application/x-www-form-urlencoded\r\nContent-Length: 56\r\nCookie: PHPSESSID=f390cbcdf8bf8d087abd7f9b8f60454e; domain=www.aisec.cn; path=/\r\n\r\nusername=&password=&imageCode=&signIn=%E7%99%BB%E5%BD%95','http://www.aisec.cn/aiscanner/login.php?',12),('www.aisec.cn','http://www.aisec.cn/aiscanner/imageCode.php',-1,'GET','{\"r\": \"1513059442\"}','','http://www.aisec.cn/aiscanner/imageCode.php?r=1513059442',13),('www.aisec.cn','http://www.aisec.cn/aiscanner/imageCode.php',-1,'GET','{\"r\": \"0.5321894797962159\"}','','http://www.aisec.cn/aiscanner/imageCode.php?r=1513059442&r=0.5321894797962159',14),('www.aisec.cn','http://www.aisec.cn/aiscanner/imageCode.php',-1,'GET','{\"r\": \"0.6536788784433156\"}','','http://www.aisec.cn/aiscanner/imageCode.php?r=1513059442&r=0.5321894797962159&r=0.07672089524567127&r=0.564277736004442&r=0.6536788784433156',15),('www.aisec.cn','http://www.aisec.cn/aiscanner/reg.php',-1,'POST','{}','POST /aiscanner/reg.php HTTP/1.1\r\nHost: www.aisec.cn\r\nAccept: text/html,application/xhtml+xml,application/xml;q=0.9,*/*;q=0.8\r\nReferer: http://www.aisec.cn/aiscanner/reg.php\r\nOrigin: http://www.aisec.cn\r\nUser-Agent: Mozilla/5.0 (X11; Linux x86_64) AppleWebKit/537.21 (KHTML, like Gecko) dummy Safari/537.21\r\nContent-Type: application/x-www-form-urlencoded\r\nContent-Length: 57\r\nCookie: PHPSESSID=a4c6d16a1039e1932d754346a05291a8; domain=www.aisec.cn; path=/\r\n\r\nusername=&password=&imageCode=&signIn=%E6%B3%A8+%E5%86%8C','http://www.aisec.cn/aiscanner/reg.php?',16),('www.aisec.cn','http://www.aisec.cn/aiscanner/imageCode.php',-1,'GET','{\"r\": \"1513059466\"}','','http://www.aisec.cn/aiscanner/imageCode.php?r=1513059466',17),('www.aisec.cn','http://www.aisec.cn/cn/read.php',-1,'GET','{\"id\": \"20141218\"}','','http://www.aisec.cn/cn/read.php?id=20141218',18),('www.aisec.cn','http://www.aisec.cn/aiscanner/login.php',-1,'GET','{\"msg\": \"%E8%AF%B7%E5%85%88%E7%99%BB%E5%BD%95\", \"t\": \"1513059506\"}','','http://www.aisec.cn/aiscanner/login.php?msg=%E8%AF%B7%E5%85%88%E7%99%BB%E5%BD%95&t=1513059506',19),('www.aisec.cn','http://www.aisec.cn/aiscanner/imageCode.php',-1,'GET','{\"r\": \"0.8392626773566008\"}','','http://www.aisec.cn/aiscanner/imageCode.php?r=1513059537&r=0.8392626773566008',20),('www.aisec.cn','http://www.aisec.cn/aiscanner/imageCode.php',-1,'GET','{\"r\": \"0.6155287350993603\"}','','http://www.aisec.cn/aiscanner/imageCode.php?r=1513059537&r=0.8392626773566008&r=0.3127580084837973&r=0.6155287350993603',21),('www.aisec.cn','http://www.aisec.cn/aiscanner/imageCode.php',-1,'GET','{\"r\": \"0.6134015677962452\"}','','http://www.aisec.cn/aiscanner/imageCode.php?r=1513059537&r=0.8392626773566008&r=0.3127580084837973&r=0.6155287350993603&r=0.6134015677962452',22),('demo.aisec.cn','http://demo.aisec.cn/demo/aisec/ajax_link.php',-1,'POST','{\"id\": \"1\", \"t\": \"0.27080717450007796\"}','POST /demo/aisec/ajax_link.php HTTP/1.1\r\nHost: demo.aisec.cn\r\nUser-Agent: Mozilla/5.0 (X11; Linux x86_64) AppleWebKit/537.21 (KHTML, like Gecko) dummy Safari/537.21\r\nReferer: http://demo.aisec.cn/demo/aisec/\r\nOrigin: http://demo.aisec.cn\r\nAccept: */*\r\nContent-Length: 0\r\nCookie: \r\n\r\n','http://demo.aisec.cn/demo/aisec/ajax_link.php?id=1&t=0.27080717450007796',23),('demo.aisec.cn','http://demo.aisec.cn/demo/aisec/ajax_link.php',-1,'GET','{\"id\": \"1\", \"t\": \"0.27080717450007796\"}','','http://demo.aisec.cn/demo/aisec/ajax_link.php?id=1&t=0.27080717450007796',24),('www.aisec.cn','http://www.aisec.cn/aiscanner/report.php',-1,'GET','{\"h\": \"3c8782e60f5a9043\", \"id\": \"894175\"}','','http://www.aisec.cn/aiscanner/report.php?id=894175&h=3c8782e60f5a9043',25),('www.aisec.cn','http://www.aisec.cn/aiscanner/report.php',-1,'GET','{\"h\": \"9b63a5a4de8b2216\", \"id\": \"1425774\"}','','http://www.aisec.cn/aiscanner/report.php?id=1425774&h=9b63a5a4de8b2216',26),('demo.aisec.cn','http://demo.aisec.cn/demo/aisec/js_link.php',-1,'GET','{\"abc\": \"\"}','','http://demo.aisec.cn/demo/aisec/js_link.php?abc',27),('www.aisec.cn','http://www.aisec.cn/aiscanner/report.php',-1,'GET','{\"h\": \"ed45c1749af5c890\", \"id\": \"1454430\"}','','http://www.aisec.cn/aiscanner/report.php?id=1454430&h=ed45c1749af5c890',28),('www.aisec.cn','http://www.aisec.cn/aiscanner/report.php',-1,'GET','{\"h\": \"3f95429e75a362bc\", \"id\": \"894178\"}','','http://www.aisec.cn/aiscanner/report.php?id=894178&h=3f95429e75a362bc',29),('www.aisec.cn','http://www.aisec.cn/aiscanner/report.php',-1,'GET','{\"h\": \"84a834a367328bae\", \"id\": \"894174\"}','','http://www.aisec.cn/aiscanner/report.php?id=894174&h=84a834a367328bae',30),('demo.aisec.cn','http://demo.aisec.cn/demo/aisec/ajax_link.php',-1,'POST','{\"id\": \"1\", \"t\": \"0.6367679920513183\"}','POST /demo/aisec/ajax_link.php HTTP/1.1\r\nHost: demo.aisec.cn\r\nUser-Agent: Mozilla/5.0 (X11; Linux x86_64) AppleWebKit/537.21 (KHTML, like Gecko) dummy Safari/537.21\r\nReferer: http://demo.aisec.cn/demo/aisec/index.php\r\nOrigin: http://demo.aisec.cn\r\nAccept: */*\r\nContent-Length: 0\r\nCookie: \r\n\r\n','http://demo.aisec.cn/demo/aisec/ajax_link.php?id=1&t=0.6367679920513183',31),('demo.aisec.cn','http://demo.aisec.cn/demo/aisec/post_link.php',-1,'POST','{}','POST /demo/aisec/post_link.php HTTP/1.1\r\nHost: demo.aisec.cn\r\nAccept: text/html,application/xhtml+xml,application/xml;q=0.9,*/*;q=0.8\r\nReferer: http://demo.aisec.cn/demo/aisec/index.php\r\nOrigin: http://demo.aisec.cn\r\nUser-Agent: Mozilla/5.0 (X11; Linux x86_64) AppleWebKit/537.21 (KHTML, like Gecko) dummy Safari/537.21\r\nContent-Type: multipart/form-data; boundary=----WebKitFormBoundary6JfmXdzLBwAhCzfL\r\nContent-Length: 322\r\nCookie: u=guest; domain=demo.aisec.cn; path=/demo/aisec/\r\n\r\n------WebKitFormBoundary6JfmXdzLBwAhCzfL\r\nContent-Disposition: form-data; name=\"id\"\r\n\r\n1\r\n------WebKitFormBoundary6JfmXdzLBwAhCzfL\r\nContent-Disposition: form-data; name=\"msg\"\r\n\r\nabc\r\n------WebKitFormBoundary6JfmXdzLBwAhCzfL\r\nContent-Disposition: form-data; name=\"B1\"\r\n\r\n提交\r\n------WebKitFormBoundary6JfmXdzLBwAhCzfL--\r\n','http://demo.aisec.cn/demo/aisec/post_link.php',32),('www.aisec.cn','http://www.aisec.cn/aiscanner/login.php',-1,'GET','{\"msg\": \"%E8%AF%B7%E5%85%88%E7%99%BB%E5%BD%95\", \"t\": \"1513071229\"}','','http://www.aisec.cn/aiscanner/login.php?msg=%E8%AF%B7%E5%85%88%E7%99%BB%E5%BD%95&t=1513071229',33),('www.aisec.cn','http://www.aisec.cn/aiscanner/report.php',-1,'GET','{\"verified\": \"1\", \"id\": \"1425774\"}','','http://www.aisec.cn/aiscanner/report.php?id=1425774&verified=1',34),('www.aisec.cn','http://www.aisec.cn/aiscanner/imageCode.php',-1,'GET','{\"r\": \"1513071245\"}','','http://www.aisec.cn/aiscanner/imageCode.php?r=1513071245',35),('www.aisec.cn','http://www.aisec.cn/aiscanner/imageCode.php',-1,'GET','{\"r\": \"0.04014992737211287\"}','','http://www.aisec.cn/aiscanner/imageCode.php?r=1513071245&r=0.20568175800144672&r=0.04014992737211287',36),('www.aisec.cn','http://www.aisec.cn/aiscanner/imageCode.php',-1,'GET','{\"r\": \"0.6726147094741464\"}','','http://www.aisec.cn/aiscanner/imageCode.php?r=1513071245&r=0.20568175800144672&r=0.04014992737211287&r=0.7862452049739659&r=0.6726147094741464',37),('www.aisec.cn','http://www.aisec.cn/aiscanner/imageCode.php',-1,'GET','{\"r\": \"1513071267\"}','','http://www.aisec.cn/aiscanner/imageCode.php?r=1513071267',38),('demo.aisec.cn','http://demo.aisec.cn/demo/aisec/ajax_link.php',-1,'GET','{\"id\": \"1\", \"t\": \"0.6367679920513183\"}','','http://demo.aisec.cn/demo/aisec/ajax_link.php?id=1&t=0.6367679920513183',39),('www.aisec.cn','http://www.aisec.cn/aiscanner/report.php',-1,'GET','{\"h\": \"d470763a4d261c72\", \"id\": \"894172\"}','','http://www.aisec.cn/aiscanner/report.php?id=894172&h=d470763a4d261c72',40),('www.aisec.cn','http://www.aisec.cn/aiscanner/report.php',-1,'GET','{\"h\": \"abbc4a8332ee7210\", \"id\": \"1467067\"}','','http://www.aisec.cn/aiscanner/report.php?id=1467067&h=abbc4a8332ee7210',41),('www.aisec.cn','http://www.aisec.cn/aiscanner/report.php',-1,'GET','{\"tpl\": \"s\", \"id\": \"1425774\"}','','http://www.aisec.cn/aiscanner/report.php?id=1425774&tpl=s',42),('www.aisec.cn','http://www.aisec.cn/secinfo/info/',-1,'GET','{\"type\": \"SQL+Injection\"}','','http://www.aisec.cn/secinfo/info/?type=SQL+Injection',43),('www.aisec.cn','http://www.aisec.cn/secinfo/poc/report.tools.php',-1,'GET','{\"url\": \"http%3A%2F%2Ftestphp.vulnweb.com%3A80%2FAJAX%2Fshowxml.php%3F%3Cxml%3E%3Cnode+name%3D%22nodename1%22%3Enodetext1%3C%2Fnode%3E%3Cnode+name%3D%22nodename2%22%3Enodetext2%3C%2Fnode%3E%3C%2Fxml%3E\", \"act\": \"post\"}','','http://www.aisec.cn/secinfo/poc/report.tools.php?act=post&url=http%3A%2F%2Ftestphp.vulnweb.com%3A80%2FAJAX%2Fshowxml.php%3F%3Cxml%3E%3Cnode+name%3D%22nodename1%22%3Enodetext1%3C%2Fnode%3E%3Cnode+name%3D%22nodename2%22%3Enodetext2%3C%2Fnode%3E%3C%2Fxml%3E',44),('www.aisec.cn','http://www.aisec.cn/aiscanner/login.php',-1,'GET','{\"msg\": \"%E8%AF%B7%E5%85%88%E7%99%BB%E5%BD%95\", \"t\": \"1513071268\"}','','http://www.aisec.cn/aiscanner/login.php?msg=%E8%AF%B7%E5%85%88%E7%99%BB%E5%BD%95&t=1513071268',45),('www.aisec.cn','http://www.aisec.cn/aiscanner/imageCode.php',-1,'GET','{\"r\": \"1513071291\"}','','http://www.aisec.cn/aiscanner/imageCode.php?r=1513071291',46),('www.aisec.cn','http://www.aisec.cn/aiscanner/imageCode.php',-1,'GET','{\"r\": \"1513071317\"}','','http://www.aisec.cn/aiscanner/imageCode.php?r=1513071317',47),('www.aisec.cn','http://www.aisec.cn/aiscanner/imageCode.php',-1,'GET','{\"r\": \"1513071269\"}','','http://www.aisec.cn/aiscanner/imageCode.php?r=1513071269',48),('www.aisec.cn','http://www.aisec.cn/aiscanner/imageCode.php',-1,'GET','{\"r\": \"0.13452025852166116\"}','','http://www.aisec.cn/aiscanner/imageCode.php?r=1513071269&r=0.7792064307723194&r=0.13452025852166116',49),('www.aisec.cn','http://www.aisec.cn/aiscanner/imageCode.php',-1,'GET','{\"r\": \"0.1160460605751723\"}','','http://www.aisec.cn/aiscanner/imageCode.php?r=1513071269&r=0.7792064307723194&r=0.13452025852166116&r=0.1160460605751723',50),('www.aisec.cn','http://www.aisec.cn/aiscanner/imageCode.php',-1,'GET','{\"r\": \"1513071290\"}','','http://www.aisec.cn/aiscanner/imageCode.php?r=1513071290',51),('www.aisec.cn','http://www.aisec.cn/aiscanner/imageCode.php',-1,'GET','{\"r\": \"0.2786556314677\"}','','http://www.aisec.cn/aiscanner/imageCode.php?r=1513071291&r=0.2786556314677',52),('www.aisec.cn','http://www.aisec.cn/aiscanner/imageCode.php',-1,'GET','{\"r\": \"0.45884309615939856\"}','','http://www.aisec.cn/aiscanner/imageCode.php?r=1513071291&r=0.2786556314677&r=0.45884309615939856',53),('www.aisec.cn','http://www.aisec.cn/aiscanner/reg.php',-1,'POST','{}','POST /aiscanner/reg.php HTTP/1.1\r\nHost: www.aisec.cn\r\nAccept: text/html,application/xhtml+xml,application/xml;q=0.9,*/*;q=0.8\r\nReferer: http://www.aisec.cn/aiscanner/reg.php\r\nOrigin: http://www.aisec.cn\r\nUser-Agent: Mozilla/5.0 (X11; Linux x86_64) AppleWebKit/537.21 (KHTML, like Gecko) dummy Safari/537.21\r\nContent-Type: application/x-www-form-urlencoded\r\nContent-Length: 57\r\nCookie: PHPSESSID=c0f82df987e297890f2a6621bdd05bc9; domain=www.aisec.cn; path=/\r\n\r\nusername=&password=&imageCode=&signIn=%E6%B3%A8+%E5%86%8C','http://www.aisec.cn/aiscanner/reg.php?',54),('www.aisec.cn','http://www.aisec.cn/aiscanner/imageCode.php',-1,'GET','{\"r\": \"0.5889817567076534\"}','','http://www.aisec.cn/aiscanner/imageCode.php?r=1513071317&r=0.5889817567076534',55),('www.aisec.cn','http://www.aisec.cn/aiscanner/login.php',-1,'POST','{}','POST /aiscanner/login.php HTTP/1.1\r\nHost: www.aisec.cn\r\nAccept: text/html,application/xhtml+xml,application/xml;q=0.9,*/*;q=0.8\r\nReferer: http://www.aisec.cn/aiscanner/login.php\r\nOrigin: http://www.aisec.cn\r\nUser-Agent: Mozilla/5.0 (X11; Linux x86_64) AppleWebKit/537.21 (KHTML, like Gecko) dummy Safari/537.21\r\nContent-Type: application/x-www-form-urlencoded\r\nContent-Length: 56\r\nCookie: PHPSESSID=33f6ed91422989403d58483c47a55d01; domain=www.aisec.cn; path=/\r\n\r\nusername=&password=&imageCode=&signIn=%E7%99%BB%E5%BD%95','http://www.aisec.cn/aiscanner/login.php?',56),('www.aisec.cn','http://www.aisec.cn/aiscanner/imageCode.php',-1,'GET','{\"r\": \"0.3841594110708684\"}','','http://www.aisec.cn/aiscanner/imageCode.php?r=1513071317&r=0.5889817567076534&r=0.9749899685848504&r=0.3841594110708684',57),('www.aisec.cn','http://www.aisec.cn/aiscanner/imageCode.php',-1,'GET','{\"r\": \"0.09689257061108947\"}','','http://www.aisec.cn/aiscanner/imageCode.php?r=1513071317&r=0.5889817567076534&r=0.9749899685848504&r=0.3841594110708684&r=0.09689257061108947',58),('www.aisec.cn','http://www.aisec.cn/aiscanner/report.php',-1,'GET','{\"verified\": \"1\", \"id\": \"1467067\"}','','http://www.aisec.cn/aiscanner/report.php?id=1467067&verified=1',59),('www.aisec.cn','http://www.aisec.cn/secinfo/info/',-1,'GET','{\"type\": \"SQL+Injection%28POST%29\"}','','http://www.aisec.cn/secinfo/info/?type=SQL+Injection%28POST%29',60),('www.aisec.cn','http://www.aisec.cn/secinfo/poc/report.tools.php',-1,'GET','{\"url\": \"http%3A%2F%2Ftestphp.vulnweb.com%3A80%2FAJAX%2Finfotitle.php%3Fid%3D5-%2528-99999%2529-99999\", \"act\": \"post\"}','','http://www.aisec.cn/secinfo/poc/report.tools.php?act=post&url=http%3A%2F%2Ftestphp.vulnweb.com%3A80%2FAJAX%2Finfotitle.php%3Fid%3D5-%2528-99999%2529-99999',61),('www.aisec.cn','http://www.aisec.cn/secinfo/info/',-1,'GET','{\"type\": \"FlashCrossdomain\"}','','http://www.aisec.cn/secinfo/info/?type=FlashCrossdomain',62),('www.aisec.cn','http://www.aisec.cn/secinfo/poc/report.tools.php',-1,'GET','{\"url\": \"http%3A%2F%2Ftestphp.vulnweb.com%3A80%2Fsecured%2Fnewuser.php%3Fupass%3Dadmin%26upass2%3Dadmin%26urname%3D135791%26ucc%3D135791%26uemail%3Dadmin%40admin.com%26uphone%3D13412312345%26uaddress%3D135791%26signup%3Dsignup%26uuname%3D135791x3x5x7%2527%2527%2527\", \"act\": \"post\"}','','http://www.aisec.cn/secinfo/poc/report.tools.php?act=post&url=http%3A%2F%2Ftestphp.vulnweb.com%3A80%2Fsecured%2Fnewuser.php%3Fupass%3Dadmin%26upass2%3Dadmin%26urname%3D135791%26ucc%3D135791%26uemail%3Dadmin%40admin.com%26uphone%3D13412312345%26uaddress%3D135791%26signup%3Dsignup%26uuname%3D135791x3x5x7%2527%2527%2527',63),('www.aisec.cn','http://www.aisec.cn/secinfo/info/',-1,'GET','{\"type\": \"PHP+open_basedir+is+not+set\"}','','http://www.aisec.cn/secinfo/info/?type=PHP+open_basedir+is+not+set',64),('www.aisec.cn','http://www.aisec.cn/secinfo/info/',-1,'GET','{\"type\": \"PHP+allow_url_fopen+enabled\"}','','http://www.aisec.cn/secinfo/info/?type=PHP+allow_url_fopen+enabled',65),('www.aisec.cn','http://www.aisec.cn/secinfo/info/',-1,'GET','{\"type\": \"Weak+Password\"}','','http://www.aisec.cn/secinfo/info/?type=Weak+Password',66),('www.aisec.cn','http://www.aisec.cn/secinfo/poc/report.tools.php',-1,'GET','{\"url\": \"http%3A%2F%2Ftestphp.vulnweb.com%3A80%2Fcomment.php%3Fcomment%3D135791%26Submit%3DSubmit%26phpaction%3Decho%2B%2524_POST%255Bcomment%255D%253B%26name%3D%253Cyour%2Bname%2Bhere%253E%2527%253E%2522%253E%253C%252Ftitle%253E%253C%252Fscript%253E%253Cscript%253Eprompt%2528357357%2529%253C%252Fscript%253E\", \"act\": \"post\"}','','http://www.aisec.cn/secinfo/poc/report.tools.php?act=post&url=http%3A%2F%2Ftestphp.vulnweb.com%3A80%2Fcomment.php%3Fcomment%3D135791%26Submit%3DSubmit%26phpaction%3Decho%2B%2524_POST%255Bcomment%255D%253B%26name%3D%253Cyour%2Bname%2Bhere%253E%2527%253E%2522%253E%253C%252Ftitle%253E%253C%252Fscript%253E%253Cscript%253Eprompt%2528357357%2529%253C%252Fscript%253E',67),('www.aisec.cn','http://www.aisec.cn/secinfo/info/',-1,'GET','{\"type\": \"JetBrains+.idea+project+directory\"}','','http://www.aisec.cn/secinfo/info/?type=JetBrains+.idea+project+directory',68),('www.aisec.cn','http://www.aisec.cn/secinfo/poc/report.tools.php',-1,'GET','{\"url\": \"http%3A%2F%2Ftestphp.vulnweb.com%3A80%2Fsearch.php%3Ftest%3Dquery%26searchFor%3D135791%2527%253E%2522%253E%253C%252Ftitle%253E%253C%252Fscript%253E%253Cscript%253Eprompt%2528357357%2529%253C%252Fscript%253E\", \"act\": \"post\"}','','http://www.aisec.cn/secinfo/poc/report.tools.php?act=post&url=http%3A%2F%2Ftestphp.vulnweb.com%3A80%2Fsearch.php%3Ftest%3Dquery%26searchFor%3D135791%2527%253E%2522%253E%253C%252Ftitle%253E%253C%252Fscript%253E%253Cscript%253Eprompt%2528357357%2529%253C%252Fscript%253E',69),('www.aisec.cn','http://www.aisec.cn/secinfo/info/',-1,'GET','{\"type\": \"UTF7+BOM+XSS\"}','','http://www.aisec.cn/secinfo/info/?type=UTF7+BOM+XSS',70),('demo.aisec.cn','http://demo.aisec.cn/demo/aisec/post_link.php',-1,'POST','{}','POST /demo/aisec/post_link.php HTTP/1.1\r\nHost: demo.aisec.cn\r\nAccept: text/html,application/xhtml+xml,application/xml;q=0.9,*/*;q=0.8\r\nReferer: http://demo.aisec.cn/demo/aisec/\r\nOrigin: http://demo.aisec.cn\r\nUser-Agent: Mozilla/5.0 (X11; Linux x86_64) AppleWebKit/537.21 (KHTML, like Gecko) dummy Safari/537.21\r\nContent-Type: multipart/form-data; boundary=----WebKitFormBoundaryaymD98vwWWAOhUD5\r\nContent-Length: 322\r\nCookie: u=guest; domain=demo.aisec.cn; path=/demo/aisec/\r\n\r\n------WebKitFormBoundaryaymD98vwWWAOhUD5\r\nContent-Disposition: form-data; name=\"id\"\r\n\r\n1\r\n------WebKitFormBoundaryaymD98vwWWAOhUD5\r\nContent-Disposition: form-data; name=\"msg\"\r\n\r\nabc\r\n------WebKitFormBoundaryaymD98vwWWAOhUD5\r\nContent-Disposition: form-data; name=\"B1\"\r\n\r\n提交\r\n------WebKitFormBoundaryaymD98vwWWAOhUD5--\r\n','http://demo.aisec.cn/demo/aisec/post_link.php',71),('demo.aisec.cn','http://demo.aisec.cn/demo/aisec/ajax_link.php',-1,'POST','{\"id\": \"1\", \"t\": \"0.7955224073957652\"}','POST /demo/aisec/ajax_link.php HTTP/1.1\r\nHost: demo.aisec.cn\r\nUser-Agent: Mozilla/5.0 (X11; Linux x86_64) AppleWebKit/537.21 (KHTML, like Gecko) dummy Safari/537.21\r\nReferer: http://demo.aisec.cn/demo/aisec/index.php\r\nOrigin: http://demo.aisec.cn\r\nAccept: */*\r\nContent-Length: 0\r\nCookie: \r\n\r\n','http://demo.aisec.cn/demo/aisec/ajax_link.php?id=1&t=0.7955224073957652',72),('demo.aisec.cn','http://demo.aisec.cn/demo/aisec/post_link.php',-1,'POST','{}','POST /demo/aisec/post_link.php HTTP/1.1\r\nHost: demo.aisec.cn\r\nAccept: text/html,application/xhtml+xml,application/xml;q=0.9,*/*;q=0.8\r\nReferer: http://demo.aisec.cn/demo/aisec/index.php\r\nOrigin: http://demo.aisec.cn\r\nUser-Agent: Mozilla/5.0 (X11; Linux x86_64) AppleWebKit/537.21 (KHTML, like Gecko) dummy Safari/537.21\r\nContent-Type: multipart/form-data; boundary=----WebKitFormBoundaryawEnwUV2ErweS2x4\r\nContent-Length: 322\r\nCookie: u=guest; domain=demo.aisec.cn; path=/demo/aisec/\r\n\r\n------WebKitFormBoundaryawEnwUV2ErweS2x4\r\nContent-Disposition: form-data; name=\"id\"\r\n\r\n1\r\n------WebKitFormBoundaryawEnwUV2ErweS2x4\r\nContent-Disposition: form-data; name=\"msg\"\r\n\r\nabc\r\n------WebKitFormBoundaryawEnwUV2ErweS2x4\r\nContent-Disposition: form-data; name=\"B1\"\r\n\r\n提交\r\n------WebKitFormBoundaryawEnwUV2ErweS2x4--\r\n','http://demo.aisec.cn/demo/aisec/post_link.php',73),('demo.aisec.cn','http://demo.aisec.cn/demo/aisec/ajax_link.php',-1,'GET','{\"id\": \"1\", \"t\": \"0.595249145757407\"}','','http://demo.aisec.cn/demo/aisec/ajax_link.php?id=1&t=0.595249145757407',74),('www.aisec.cn','http://www.aisec.cn/aiscanner/login.php',-1,'GET','{\"msg\": \"%E8%AF%B7%E5%85%88%E7%99%BB%E5%BD%95\", \"t\": \"1513071416\"}','','http://www.aisec.cn/aiscanner/login.php?msg=%E8%AF%B7%E5%85%88%E7%99%BB%E5%BD%95&t=1513071416',75),('www.aisec.cn','http://www.aisec.cn/aiscanner/imageCode.php',-1,'GET','{\"r\": \"0.07461373507976532\"}','','http://www.aisec.cn/aiscanner/imageCode.php?r=1513071417&r=0.5799927324987948&r=0.8303042254410684&r=0.07461373507976532',76),('www.aisec.cn','http://www.aisec.cn/aiscanner/imageCode.php',-1,'GET','{\"r\": \"1513071438\"}','','http://www.aisec.cn/aiscanner/imageCode.php?r=1513071438',77),('www.aisec.cn','http://www.aisec.cn/aiscanner/imageCode.php',-1,'GET','{\"r\": \"1513071440\"}','','http://www.aisec.cn/aiscanner/imageCode.php?r=1513071440',78),('www.aisec.cn','http://www.aisec.cn/aiscanner/imageCode.php',-1,'GET','{\"r\": \"0.7804464346263558\"}','','http://www.aisec.cn/aiscanner/imageCode.php?r=1513071440&r=0.7804464346263558',79),('www.aisec.cn','http://www.aisec.cn/aiscanner/imageCode.php',-1,'GET','{\"r\": \"0.2904688469134271\"}','','http://www.aisec.cn/aiscanner/imageCode.php?r=1513071440&r=0.7804464346263558&r=0.34597786515951157&r=0.3597805218305439&r=0.2904688469134271',80),('www.aisec.cn','http://www.aisec.cn/aiscanner/imageCode.php',-1,'GET','{\"r\": \"1513071474\"}','','http://www.aisec.cn/aiscanner/imageCode.php?r=1513071474',81),('www.aisec.cn','http://www.aisec.cn/aiscanner/imageCode.php',-1,'GET','{\"r\": \"0.8449269181583077\"}','','http://www.aisec.cn/aiscanner/imageCode.php?r=1513071474&r=0.8449269181583077',82),('www.aisec.cn','http://www.aisec.cn/aiscanner/imageCode.php',-1,'GET','{\"r\": \"0.7607304956763983\"}','','http://www.aisec.cn/aiscanner/imageCode.php?r=1513071474&r=0.8449269181583077&r=0.885688467649743&r=0.12028502789326012&r=0.7607304956763983',83),('www.aisec.cn','http://www.aisec.cn/aiscanner/reg.php',-1,'POST','{}','POST /aiscanner/reg.php HTTP/1.1\r\nHost: www.aisec.cn\r\nAccept: text/html,application/xhtml+xml,application/xml;q=0.9,*/*;q=0.8\r\nReferer: http://www.aisec.cn/aiscanner/reg.php\r\nOrigin: http://www.aisec.cn\r\nUser-Agent: Mozilla/5.0 (X11; Linux x86_64) AppleWebKit/537.21 (KHTML, like Gecko) dummy Safari/537.21\r\nContent-Type: application/x-www-form-urlencoded\r\nContent-Length: 57\r\nCookie: PHPSESSID=b23a4a40321bad5947b7978e25119d66; domain=www.aisec.cn; path=/\r\n\r\nusername=&password=&imageCode=&signIn=%E6%B3%A8+%E5%86%8C','http://www.aisec.cn/aiscanner/reg.php?',84),('www.aisec.cn','http://www.aisec.cn/aiscanner/imageCode.php',-1,'GET','{\"r\": \"1513071499\"}','','http://www.aisec.cn/aiscanner/imageCode.php?r=1513071499',85),('www.aisec.cn','http://www.aisec.cn/aiscanner/login.php',-1,'GET','{\"msg\": \"%E8%AF%B7%E5%85%88%E7%99%BB%E5%BD%95\", \"t\": \"1513071509\"}','','http://www.aisec.cn/aiscanner/login.php?msg=%E8%AF%B7%E5%85%88%E7%99%BB%E5%BD%95&t=1513071509',86),('www.aisec.cn','http://www.aisec.cn/aiscanner/imageCode.php',-1,'GET','{\"r\": \"1513071535\"}','','http://www.aisec.cn/aiscanner/imageCode.php?r=1513071535',87),('www.aisec.cn','http://www.aisec.cn/aiscanner/login.php',-1,'POST','{}','POST /aiscanner/login.php HTTP/1.1\r\nHost: www.aisec.cn\r\nAccept: text/html,application/xhtml+xml,application/xml;q=0.9,*/*;q=0.8\r\nReferer: http://www.aisec.cn/aiscanner/login.php?msg=%25E8%25AF%25B7%25E5%2585%2588%25E7%2599%25BB%25E5%25BD%2595&t=1513071509\r\nOrigin: http://www.aisec.cn\r\nUser-Agent: Mozilla/5.0 (X11; Linux x86_64) AppleWebKit/537.21 (KHTML, like Gecko) dummy Safari/537.21\r\nContent-Type: application/x-www-form-urlencoded\r\nContent-Length: 56\r\nCookie: PHPSESSID=b6fadff66b6f2b468eead37d2eb0e723; domain=www.aisec.cn; path=/\r\n\r\nusername=&password=&imageCode=&signIn=%E7%99%BB%E5%BD%95','http://www.aisec.cn/aiscanner/login.php?',88),('www.aisec.cn','http://www.aisec.cn/aiscanner/imageCode.php',-1,'GET','{\"r\": \"1513071557\"}','','http://www.aisec.cn/aiscanner/imageCode.php?r=1513071557',89),('www.aisec.cn','http://www.aisec.cn/cn/whouse.php',-1,'GET','{\"type\": \"jinrong\"}','','http://www.aisec.cn/cn/whouse.php?type=jinrong',90);
/*!40000 ALTER TABLE `result_urls` ENABLE KEYS */;
UNLOCK TABLES;

--
-- Table structure for table `result_urls_1`
--

DROP TABLE IF EXISTS `result_urls_1`;
/*!40101 SET @saved_cs_client     = @@character_set_client */;
/*!40101 SET character_set_client = utf8 */;
CREATE TABLE `result_urls_1` (
  `domain` varchar(500) NOT NULL,
  `url` varchar(5000) NOT NULL
) ENGINE=InnoDB DEFAULT CHARSET=latin1;
/*!40101 SET character_set_client = @saved_cs_client */;

--
-- Dumping data for table `result_urls_1`
--

LOCK TABLES `result_urls_1` WRITE;
/*!40000 ALTER TABLE `result_urls_1` DISABLE KEYS */;
/*!40000 ALTER TABLE `result_urls_1` ENABLE KEYS */;
UNLOCK TABLES;

--
-- Table structure for table `result_urls_2`
--

DROP TABLE IF EXISTS `result_urls_2`;
/*!40101 SET @saved_cs_client     = @@character_set_client */;
/*!40101 SET character_set_client = utf8 */;
CREATE TABLE `result_urls_2` (
  `domain` varchar(100) NOT NULL,
  `url` varchar(500) NOT NULL,
  `port` int(10) NOT NULL,
  `method` varchar(10) NOT NULL,
  `query` varchar(5000) DEFAULT NULL,
  `data` varchar(5000) DEFAULT NULL
) ENGINE=InnoDB DEFAULT CHARSET=latin1;
/*!40101 SET character_set_client = @saved_cs_client */;

--
-- Dumping data for table `result_urls_2`
--

LOCK TABLES `result_urls_2` WRITE;
/*!40000 ALTER TABLE `result_urls_2` DISABLE KEYS */;
/*!40000 ALTER TABLE `result_urls_2` ENABLE KEYS */;
UNLOCK TABLES;

--
-- Table structure for table `sql_urls`
--

DROP TABLE IF EXISTS `sql_urls`;
/*!40101 SET @saved_cs_client     = @@character_set_client */;
/*!40101 SET character_set_client = utf8 */;
CREATE TABLE `sql_urls` (
  `url` varchar(1000) NOT NULL,
  `dbms` varchar(100) DEFAULT NULL,
  `dbms_version` varchar(100) DEFAULT NULL,
  `data` varchar(10000) NOT NULL,
  `id` int(10) NOT NULL AUTO_INCREMENT,
  PRIMARY KEY (`id`)
) ENGINE=InnoDB AUTO_INCREMENT=11 DEFAULT CHARSET=latin1;
/*!40101 SET character_set_client = @saved_cs_client */;

--
-- Dumping data for table `sql_urls`
--

LOCK TABLES `sql_urls` WRITE;
/*!40000 ALTER TABLE `sql_urls` DISABLE KEYS */;
INSERT INTO `sql_urls` VALUES ('http://demo.aisec.cn/demo/aisec/js_link.php?id=2&msg=abc','None','None','[{\"status\": 1, \"type\": 0, \"value\": {\"url\": \"http://demo.aisec.cn:80/demo/aisec/js_link.php\", \"query\": \"id=2&msg=abc\", \"data\": null}}, {\"status\": 1, \"type\": 1, \"value\": [{\"dbms\": null, \"suffix\": \"\", \"clause\": [1, 9], \"notes\": [], \"ptype\": 1, \"dbms_version\": null, \"prefix\": \"\", \"place\": \"GET\", \"os\": null, \"conf\": {\"code\": null, \"string\": \"has this record.\", \"notString\": null, \"titles\": null, \"regexp\": null, \"textOnly\": null, \"optimize\": null}, \"parameter\": \"id\", \"data\": {\"1\": {\"comment\": \"\", \"matchRatio\": 0.916, \"trueCode\": 200, \"title\": \"AND boolean-based blind - WHERE or HAVING clause\", \"templatePayload\": null, \"vector\": \"AND [INFERENCE]\", \"falseCode\": 200, \"where\": 1, \"payload\": \"msg=abc&id=2 AND 9426=9426\"}}}]}]',1),('http://demo.aisec.cn/demo/aisec/post_link.php','None','None','[{\"status\": 1, \"type\": 0, \"value\": {\"url\": \"http://demo.aisec.cn:80/demo/aisec/post_link.php\", \"query\": null, \"data\": null}}, {\"status\": 1, \"type\": 1, \"value\": [{\"dbms\": null, \"suffix\": \"\", \"clause\": [1, 9], \"notes\": [], \"ptype\": 1, \"dbms_version\": null, \"prefix\": \"\", \"place\": \"(custom) POST\", \"os\": null, \"conf\": {\"code\": null, \"string\": \"has this record.\", \"notString\": null, \"titles\": null, \"regexp\": null, \"textOnly\": null, \"optimize\": null}, \"parameter\": \"MULTIPART id\", \"data\": {\"1\": {\"comment\": \"\", \"matchRatio\": 0.915, \"trueCode\": 200, \"title\": \"AND boolean-based blind - WHERE or HAVING clause\", \"templatePayload\": null, \"vector\": \"AND [INFERENCE]\", \"falseCode\": 200, \"where\": 1, \"payload\": \"----------105829879\nContent-Disposition: form-data; name=\\\"id\\\"\n\n1 AND 4843=4843\n----------105829879\nContent-Disposition: form-data; name=\\\"msg\\\"\n\nabc\n----------105829879\nContent-Disposition: form-data; name=\\\"B1\\\"\n\nu00e6u008fu0090u00e4u00bau00a4\n----------105829879--\"}}}]}]',2),('http://demo.aisec.cn/demo/aisec/ajax_link.php?id=1&t=0.800803549354896','None','None','[{\"status\": 1, \"type\": 0, \"value\": {\"url\": \"http://demo.aisec.cn:80/demo/aisec/ajax_link.php\", \"query\": \"id=1&t=0.800803549354896\", \"data\": null}}, {\"status\": 1, \"type\": 1, \"value\": [{\"dbms\": null, \"suffix\": \"\", \"clause\": [1, 9], \"notes\": [], \"ptype\": 1, \"dbms_version\": null, \"prefix\": \"\", \"place\": \"GET\", \"os\": null, \"conf\": {\"code\": null, \"string\": \"has this record.\", \"notString\": null, \"titles\": null, \"regexp\": null, \"textOnly\": null, \"optimize\": null}, \"parameter\": \"id\", \"data\": {\"1\": {\"comment\": \"\", \"matchRatio\": 0.915, \"trueCode\": 200, \"title\": \"AND boolean-based blind - WHERE or HAVING clause\", \"templatePayload\": null, \"vector\": \"AND [INFERENCE]\", \"falseCode\": 200, \"where\": 1, \"payload\": \"id=1 AND 3201=3201&t=0.776156518375501\"}}}]}]',3),('http://demo.aisec.cn/demo/aisec/js_link.php?id=2&msg=abc','None','None','[{\"status\": 1, \"type\": 0, \"value\": {\"url\": \"http://demo.aisec.cn:80/demo/aisec/js_link.php\", \"query\": \"id=2&msg=abc\", \"data\": null}}, {\"status\": 1, \"type\": 1, \"value\": [{\"dbms\": null, \"suffix\": \"\", \"clause\": [1, 9], \"notes\": [], \"ptype\": 1, \"dbms_version\": null, \"prefix\": \"\", \"place\": \"GET\", \"data\": {\"1\": {\"comment\": \"\", \"matchRatio\": 0.916, \"title\": \"AND boolean-based blind - WHERE or HAVING clause\", \"trueCode\": 200, \"templatePayload\": null, \"vector\": \"AND [INFERENCE]\", \"falseCode\": 200, \"where\": 1, \"payload\": \"msg=abc&id=2 AND 9426=9426\"}}, \"conf\": {\"code\": null, \"string\": \"has this record.\", \"notString\": null, \"titles\": null, \"regexp\": null, \"textOnly\": null, \"optimize\": null}, \"parameter\": \"id\", \"os\": null}]}]',4),('http://demo.aisec.cn/demo/aisec/post_link.php','None','None','[{\"status\": 1, \"type\": 0, \"value\": {\"url\": \"http://demo.aisec.cn:80/demo/aisec/post_link.php\", \"query\": null, \"data\": null}}, {\"status\": 1, \"type\": 1, \"value\": [{\"dbms\": null, \"suffix\": \"\", \"clause\": [1, 9], \"notes\": [], \"ptype\": 1, \"dbms_version\": null, \"prefix\": \"\", \"place\": \"(custom) POST\", \"data\": {\"1\": {\"comment\": \"\", \"matchRatio\": 0.915, \"title\": \"AND boolean-based blind - WHERE or HAVING clause\", \"trueCode\": 200, \"templatePayload\": null, \"vector\": \"AND [INFERENCE]\", \"falseCode\": 200, \"where\": 1, \"payload\": \"----------105829879\nContent-Disposition: form-data; name=\\\"id\\\"\n\n1 AND 4843=4843\n----------105829879\nContent-Disposition: form-data; name=\\\"msg\\\"\n\nabc\n----------105829879\nContent-Disposition: form-data; name=\\\"B1\\\"\n\nu00e6u008fu0090u00e4u00bau00a4\n----------105829879--\"}}, \"conf\": {\"code\": null, \"string\": \"has this record.\", \"notString\": null, \"titles\": null, \"regexp\": null, \"textOnly\": null, \"optimize\": null}, \"parameter\": \"MULTIPART id\", \"os\": null}]}]',5),('http://demo.aisec.cn/demo/aisec/html_link.php?id=2','None','None','[{\"status\": 1, \"type\": 0, \"value\": {\"url\": \"http://demo.aisec.cn:80/demo/aisec/html_link.php\", \"query\": \"id=2\", \"data\": null}}, {\"status\": 1, \"type\": 1, \"value\": [{\"dbms\": null, \"suffix\": \" AND \'[RANDSTR]\'=\'[RANDSTR]\", \"clause\": [1], \"notes\": [], \"ptype\": 2, \"dbms_version\": null, \"prefix\": \"\'\", \"place\": \"GET\", \"data\": {\"1\": {\"comment\": \"[GENERIC_SQL_COMMENT]\", \"matchRatio\": 0.915, \"title\": \"AND boolean-based blind - WHERE or HAVING clause (Generic comment)\", \"trueCode\": 200, \"templatePayload\": null, \"vector\": \"AND [INFERENCE]\", \"falseCode\": 200, \"where\": 1, \"payload\": \"id=2\' AND 9298=9298-- KoRL\"}}, \"conf\": {\"code\": null, \"string\": \"has this record.\", \"notString\": null, \"titles\": null, \"regexp\": null, \"textOnly\": null, \"optimize\": null}, \"parameter\": \"id\", \"os\": null}]}]',6),('http://demo.aisec.cn/demo/aisec/ajax_link.php?id=1&t=0.800803549354896','None','None','[{\"status\": 1, \"type\": 0, \"value\": {\"url\": \"http://demo.aisec.cn:80/demo/aisec/ajax_link.php\", \"query\": \"id=1&t=0.800803549354896\", \"data\": null}}, {\"status\": 1, \"type\": 1, \"value\": [{\"dbms\": null, \"suffix\": \"\", \"clause\": [1, 9], \"notes\": [], \"ptype\": 1, \"dbms_version\": null, \"prefix\": \"\", \"place\": \"GET\", \"data\": {\"1\": {\"comment\": \"\", \"matchRatio\": 0.915, \"title\": \"AND boolean-based blind - WHERE or HAVING clause\", \"trueCode\": 200, \"templatePayload\": null, \"vector\": \"AND [INFERENCE]\", \"falseCode\": 200, \"where\": 1, \"payload\": \"id=1 AND 3201=3201&t=0.776156518375501\"}}, \"conf\": {\"code\": null, \"string\": \"has this record.\", \"notString\": null, \"titles\": null, \"regexp\": null, \"textOnly\": null, \"optimize\": null}, \"parameter\": \"id\", \"os\": null}]}]',7),('http://demo.aisec.cn/demo/aisec/click_link.php?id=2','None','None','[{\"status\": 1, \"type\": 0, \"value\": {\"url\": \"http://demo.aisec.cn:80/demo/aisec/click_link.php\", \"query\": \"id=2\", \"data\": null}}, {\"status\": 1, \"type\": 1, \"value\": [{\"dbms\": null, \"suffix\": \"\", \"clause\": [1, 9], \"notes\": [], \"ptype\": 1, \"dbms_version\": null, \"prefix\": \"\", \"place\": \"GET\", \"os\": null, \"conf\": {\"code\": null, \"string\": \"has this record.\", \"notString\": null, \"titles\": null, \"regexp\": null, \"textOnly\": null, \"optimize\": null}, \"parameter\": \"id\", \"data\": {\"1\": {\"comment\": \"\", \"matchRatio\": 0.915, \"trueCode\": 200, \"title\": \"AND boolean-based blind - WHERE or HAVING clause\", \"templatePayload\": null, \"vector\": \"AND [INFERENCE]\", \"falseCode\": 200, \"where\": 1, \"payload\": \"id=2 AND 8084=8084\"}}}]}]',8),('http://demo.aisec.cn/demo/aisec/click_link.php?id=2','None','None','[{\"status\": 1, \"type\": 0, \"value\": {\"url\": \"http://demo.aisec.cn:80/demo/aisec/click_link.php\", \"query\": \"id=2\", \"data\": null}}, {\"status\": 1, \"type\": 1, \"value\": [{\"dbms\": null, \"suffix\": \"\", \"clause\": [1, 9], \"notes\": [], \"ptype\": 1, \"dbms_version\": null, \"prefix\": \"\", \"place\": \"GET\", \"data\": {\"1\": {\"comment\": \"\", \"matchRatio\": 0.915, \"title\": \"AND boolean-based blind - WHERE or HAVING clause\", \"trueCode\": 200, \"templatePayload\": null, \"vector\": \"AND [INFERENCE]\", \"falseCode\": 200, \"where\": 1, \"payload\": \"id=2 AND 8084=8084\"}}, \"conf\": {\"code\": null, \"string\": \"has this record.\", \"notString\": null, \"titles\": null, \"regexp\": null, \"textOnly\": null, \"optimize\": null}, \"parameter\": \"id\", \"os\": null}]}]',9),('http://demo.aisec.cn/demo/aisec/html_link.php?id=2','None','None','[{\"status\": 1, \"type\": 0, \"value\": {\"url\": \"http://demo.aisec.cn:80/demo/aisec/html_link.php\", \"query\": \"id=2\", \"data\": null}}, {\"status\": 1, \"type\": 1, \"value\": [{\"dbms\": null, \"suffix\": \" AND \'[RANDSTR]\'=\'[RANDSTR]\", \"clause\": [1], \"notes\": [], \"ptype\": 2, \"dbms_version\": null, \"prefix\": \"\'\", \"place\": \"GET\", \"os\": null, \"conf\": {\"code\": null, \"string\": \"has this record.\", \"notString\": null, \"titles\": null, \"regexp\": null, \"textOnly\": null, \"optimize\": null}, \"parameter\": \"id\", \"data\": {\"1\": {\"comment\": \"[GENERIC_SQL_COMMENT]\", \"matchRatio\": 0.915, \"trueCode\": 200, \"title\": \"AND boolean-based blind - WHERE or HAVING clause (Generic comment)\", \"templatePayload\": null, \"vector\": \"AND [INFERENCE]\", \"falseCode\": 200, \"where\": 1, \"payload\": \"id=2\' AND 9298=9298-- KoRL\"}}}]}]',10);
/*!40000 ALTER TABLE `sql_urls` ENABLE KEYS */;
UNLOCK TABLES;

--
-- Table structure for table `sqlinjection_urls`
--

DROP TABLE IF EXISTS `sqlinjection_urls`;
/*!40101 SET @saved_cs_client     = @@character_set_client */;
/*!40101 SET character_set_client = utf8 */;
CREATE TABLE `sqlinjection_urls` (
  `url` varchar(500) NOT NULL,
  `dbms` varchar(100) DEFAULT NULL,
  `dbms_version` varchar(100) DEFAULT NULL,
  `data` varchar(5000) NOT NULL,
  PRIMARY KEY (`url`)
) ENGINE=InnoDB DEFAULT CHARSET=latin1;
/*!40101 SET character_set_client = @saved_cs_client */;

--
-- Dumping data for table `sqlinjection_urls`
--

LOCK TABLES `sqlinjection_urls` WRITE;
/*!40000 ALTER TABLE `sqlinjection_urls` DISABLE KEYS */;
INSERT INTO `sqlinjection_urls` VALUES ('http://demo.aisec.cn/demo/aisec/post_link.php?msg=abc&=&abc=&B1=%E6%8F%90%E4%BA%A4&id=1-%28-99999%29-99999','None','None','[{u\'status\': 1, u\'type\': 0, u\'value\': {u\'url\': u\'http://demo.aisec.cn:80/demo/aisec/post_link.php\', u\'query\': u\'msg=abc&=&abc=&B1=%E6%8F%90%E4%BA%A4&id=1-(-99999)-99999\', u\'data\': u\'\'}}, {u\'status\': 1, u\'type\': 1, u\'value\': [{u\'dbms\': None, u\'suffix\': u\'\', u\'clause\': [1, 9], u\'notes\': [], u\'ptype\': 1, u\'dbms_version\': None, u\'prefix\': u\'\', u\'place\': u\'GET\', u\'data\': {u\'1\': {u\'comment\': u\'\', u\'matchRatio\': 0.915, u\'title\': u\'AND boolean-based blind - WHERE or HAVING clause\', u\'trueCode\': 200, u\'templatePayload\': None, u\'vector\': u\'AND [INFERENCE]\', u\'falseCode\': 200, u\'where\': 1, u\'payload\': u\'id=1 AND 2853=2853&msg=1\'}}, u\'conf\': {u\'code\': None, u\'string\': u\'has this record.\', u\'notString\': None, u\'titles\': None, u\'regexp\': None, u\'textOnly\': None, u\'optimize\': None}, u\'parameter\': u\'id\', u\'os\': None}]}]'),('http://testphp.vulnweb.com/artists.php?artist=1','MySQL','[u\'>= 5.0.12\']','[{u\'status\': 1, u\'type\': 0, u\'value\': {u\'url\': u\'http://testphp.vulnweb.com:80/artists.php\', u\'query\': u\'artist=1\', u\'data\': None}}, {u\'status\': 1, u\'type\': 1, u\'value\': [{u\'dbms\': u\'MySQL\', u\'suffix\': u\'\', u\'clause\': [1, 9], u\'notes\': [], u\'ptype\': 1, u\'dbms_version\': [u\'>= 5.0.12\'], u\'prefix\': u\'\', u\'place\': u\'GET\', u\'os\': None, u\'conf\': {u\'code\': None, u\'string\': u\'hac\', u\'notString\': None, u\'titles\': None, u\'regexp\': None, u\'textOnly\': None, u\'optimize\': None}, u\'parameter\': u\'artist\', u\'data\': {u\'1\': {u\'comment\': u\'\', u\'matchRatio\': 0.85, u\'trueCode\': 200, u\'title\': u\'AND boolean-based blind - WHERE or HAVING clause\', u\'templatePayload\': None, u\'vector\': u\'AND [INFERENCE]\', u\'falseCode\': 200, u\'where\': 1, u\'payload\': u\'artist=1 AND 8134=8134\'}, u\'5\': {u\'comment\': u\'\', u\'matchRatio\': 0.85, u\'trueCode\': 200, u\'title\': u\'MySQL >= 5.0.12 AND time-based blind\', u\'templatePayload\': None, u\'vector\': u\'AND [RANDNUM]=IF(([INFERENCE]),SLEEP([SLEEPTIME]),[RANDNUM])\', u\'falseCode\': None, u\'where\': 1, u\'payload\': u\'artist=1 AND SLEEP([SLEEPTIME])\'}, u\'6\': {u\'comment\': u\'[GENERIC_SQL_COMMENT]\', u\'matchRatio\': 0.85, u\'trueCode\': None, u\'title\': u\'Generic UNION query (NULL) - 1 to 20 columns\', u\'templatePayload\': None, u\'vector\': [0, 3, u\'[GENERIC_SQL_COMMENT]\', u\'\', u\'\', u\'NULL\', 2, True, False], u\'falseCode\': None, u\'where\': 2, u\'payload\': u\'artist=-5465 UNION ALL SELECT CONCAT(0x716b786b71,0x754f585346494a744748476e426546566341464c796952566d6a7175785558484a77494276674e51,0x716a6a6a71),NULL,NULL-- jXmv\'}}}]}]');
/*!40000 ALTER TABLE `sqlinjection_urls` ENABLE KEYS */;
UNLOCK TABLES;

--
-- Table structure for table `start_urls`
--

DROP TABLE IF EXISTS `start_urls`;
/*!40101 SET @saved_cs_client     = @@character_set_client */;
/*!40101 SET character_set_client = utf8 */;
CREATE TABLE `start_urls` (
  `url` varchar(500) NOT NULL
) ENGINE=InnoDB DEFAULT CHARSET=utf8;
/*!40101 SET character_set_client = @saved_cs_client */;

--
-- Dumping data for table `start_urls`
--

LOCK TABLES `start_urls` WRITE;
/*!40000 ALTER TABLE `start_urls` DISABLE KEYS */;
INSERT INTO `start_urls` VALUES ('http://demo.aisec.cn/demo/aisec/'),('http://demo.aisec.cn/'),('https://apkpure.com/cn/similar/com.willytylee.aiesecinhkbu_demo'),('https://apkpure.com/cn/aiesec-in-hkbu-demo/com.willytylee.aiesecinhkbu_demo'),('http://blog.csdn.net/nextdoor6/article/details/53196098'),('http://www.myhack58.com/Article/sort0103/2017/82728_4.htm'),('http://bobao.360.cn/learning/detail/3391.html'),('http://www.xuebuyuan.com/679294.html'),('https://cnodejs.org/topic/54c1b87b0d075f173d433ddf'),('https://github.com/Arachni/arachni/issues/779'),('http://blog.csdn.net/nextdoor6/article/details/50898723'),('https://www.tuicool.com/articles/bmMnmev'),('http://cnodejs.org/topic/54c1b87b0d075f173d433ddf'),('http://www.open-open.com/lib/view/open1484051072289.html'),('http://bobao.360.cn/learning/detail/3753.html'),('https://github.com/Twi1ight/TSpider'),('https://yq.aliyun.com/articles/182228'),('http://www.cnseay.com/3543/'),('http://www.th7.cn/web/js/201607/178342.shtml'),('http://itgrep.com/blog/22685.html/');
/*!40000 ALTER TABLE `start_urls` ENABLE KEYS */;
UNLOCK TABLES;

--
-- Table structure for table `task_urls`
--

DROP TABLE IF EXISTS `task_urls`;
/*!40101 SET @saved_cs_client     = @@character_set_client */;
/*!40101 SET character_set_client = utf8 */;
CREATE TABLE `task_urls` (
  `taskid` varchar(20) NOT NULL,
  `url` varchar(500) NOT NULL,
  `server` varchar(50) NOT NULL,
  PRIMARY KEY (`taskid`)
) ENGINE=InnoDB DEFAULT CHARSET=latin1;
/*!40101 SET character_set_client = @saved_cs_client */;

--
-- Dumping data for table `task_urls`
--

LOCK TABLES `task_urls` WRITE;
/*!40000 ALTER TABLE `task_urls` DISABLE KEYS */;
INSERT INTO `task_urls` VALUES ('0034e0d93295837c','http://www.aisec.cn/aiscanner/login.php?msg=%E8%AF%B7%E5%85%88%E7%99%BB%E5%BD%95&t=1512979542','http://127.0.0.1:8775'),('00ec0b7c2c26060b','http://www.aisec.cn/aiscanner/imageCode.php','http://127.0.0.1:8775'),('01edcb110eb4d30b','http://demo.aisec.cn/demo/aisec/js_link.php?abc','http://127.0.0.1:8775'),('0238d1ad5008906b','http://www.aisec.cn/aiscanner/imageCode.php','http://127.0.0.1:8775'),('023e0f7917bdbec7','http://demo.aisec.cn/demo/aisec/ajax_link.php','http://127.0.0.1:8775'),('03769d3e4ca72d95','http://www.aisec.cn/aiscanner/imageCode.php?r=1512979696&r=0.45059624244458973&r=0.00839228299446404','http://127.0.0.1:8775'),('0446e8361e802763','http://demo.aisec.cn/demo/aisec/ajax_link.php?id=1&t=0.03338349889963865','http://127.0.0.1:8775'),('0452d15a2420a1c6','http://www.aisec.cn/cn/read.php?id=20141218','http://127.0.0.1:8775'),('05cd858277750ca2','http://demo.aisec.cn/demo/aisec/login2.php','http://127.0.0.1:8775'),('060e49d9ebc301c1','http://www.aisec.cn/aiscanner/imageCode.php?r=1512981335','http://127.0.0.1:8775'),('0672e5f836df1ecd','http://www.aisec.cn/aiscanner/imageCode.php?r=1512981254&r=0.41205968684516847&r=0.4055852668825537&r=0.5035837651230395','http://127.0.0.1:8775'),('07ff28f82499d81f','http://www.aisec.cn/aiscanner/login.php?','http://127.0.0.1:8775'),('0822d68b740b6304','http://www.aisec.cn/aiscanner/reg.php?','http://127.0.0.1:8775'),('087cd40a53dce8d0','http://www.aisec.cn/aiscanner/imageCode.php','http://127.0.0.1:8775'),('08e61e828d1c4f62','http://www.aisec.cn/aiscanner/imageCode.php','http://127.0.0.1:8775'),('0926f2770ff62881','http://www.aisec.cn/aiscanner/imageCode.php?r=1513059419&r=0.6655058558098972','http://127.0.0.1:8775'),('0949bdcf66c270be','http://demo.aisec.cn/demo/aisec/login2.php?','http://127.0.0.1:8775'),('0b0c9145c8b5fe75','http://www.aisec.cn/aiscanner/imageCode.php','http://127.0.0.1:8775'),('0b8961b642a83ff3','http://demo.aisec.cn/demo/aisec/post_link.php','http://127.0.0.1:8775'),('0b902643c4cd332a','http://www.aisec.cn/aiscanner/imageCode.php','http://127.0.0.1:8775'),('0bdfb890bbe6a391','http://www.aisec.cn/aiscanner/imageCode.php?r=1512981254&r=0.41205968684516847&r=0.4055852668825537&r=0.5035837651230395&r=0.436749713961035','http://127.0.0.1:8775'),('0d4693ec5423f269','http://www.aisec.cn/aiscanner/imageCode.php','http://127.0.0.1:8775'),('0dd4b352baa7808d','http://www.aisec.cn/aiscanner/login.php','http://127.0.0.1:8775'),('0e529e0015255852','http://www.aisec.cn/aiscanner/imageCode.php?r=1512979658','http://127.0.0.1:8775'),('0eaef2b4cfeda2e5','http://www.aisec.cn/aiscanner/imageCode.php','http://127.0.0.1:8775'),('0eba59c655ae86f8','http://www.aisec.cn/aiscanner/login.php','http://127.0.0.1:8775'),('0ef3afc33fe7a4fc','http://www.aisec.cn/aiscanner/imageCode.php?r=1513059466','http://127.0.0.1:8775'),('0ef96fdb9ce512c8','http://www.aisec.cn/aiscanner/imageCode.php?r=1512979696','http://127.0.0.1:8775'),('0f1710b57a62d6c1','http://demo.aisec.cn/demo/aisec/html_link.php?id=2','http://127.0.0.1:8775'),('0f8e66d4825fb0b8','http://www.aisec.cn/aiscanner/imageCode.php','http://127.0.0.1:8775'),('0fee9d34bb74e1aa','http://www.aisec.cn/aiscanner/login.php','http://127.0.0.1:8775'),('100081f8f2bb2ace','http://www.aisec.cn/aiscanner/login.php','http://127.0.0.1:8775'),('106175279910ea5d','http://www.aisec.cn/aiscanner/imageCode.php','http://127.0.0.1:8775'),('10d78ae105479af3','http://www.aisec.cn/aiscanner/imageCode.php?r=1512979934&r=0.5184876378625631','http://127.0.0.1:8775'),('11bec2c0d0d95cb3','http://www.aisec.cn/aiscanner/login.php','http://127.0.0.1:8775'),('129b1da31fbf8cdd','http://demo.aisec.cn/demo/aisec/post_link.php','http://127.0.0.1:8775'),('129ca5be65e3d19e','http://demo.aisec.cn/demo/aisec/click_link.php','http://127.0.0.1:8775'),('12b9f6e2e920fb99','http://www.aisec.cn/aiscanner/login.php','http://127.0.0.1:8775'),('12d50bcb8f798973','http://demo.aisec.cn/demo/aisec/ajax_link.php','http://127.0.0.1:8775'),('130e7fb634c35fb2','http://www.aisec.cn/aiscanner/imageCode.php?r=1512979544&r=0.5164697670843452','http://127.0.0.1:8775'),('13d31bfabdbe4f4e','http://demo.aisec.cn/demo/aisec/ajax_link.php','http://127.0.0.1:8775'),('143f0e88c845520b','http://demo.aisec.cn/demo/aisec/ajax_link.php','http://127.0.0.1:8775'),('146cdc612e823931','http://www.aisec.cn/aiscanner/imageCode.php','http://127.0.0.1:8775'),('1480470bfdffae7d','http://www.aisec.cn/aiscanner/login.php','http://127.0.0.1:8775'),('1524824608b6107e','http://www.aisec.cn/aiscanner/imageCode.php?r=1512981309&r=0.7498946685809642&r=0.8847151303198189','http://127.0.0.1:8775'),('15b275ec4ecd2c54','http://demo.aisec.cn/demo/aisec/post_link.php','http://127.0.0.1:8775'),('1619f69e2706c042','http://demo.aisec.cn/demo/aisec/ajax_link.php','http://127.0.0.1:8775'),('1633cdd294f72e26','http://demo.aisec.cn/demo/aisec/js_link.php','http://127.0.0.1:8775'),('16462882c89c3fee','http://www.aisec.cn/aiscanner/imageCode.php','http://127.0.0.1:8775'),('17285bf830834847','http://www.aisec.cn/aiscanner/login.php?','http://127.0.0.1:8775'),('176f7d1ac01ea5c9','http://www.aisec.cn/aiscanner/imageCode.php','http://127.0.0.1:8775'),('176f94622d7d7820','http://www.aisec.cn/aiscanner/imageCode.php','http://127.0.0.1:8775'),('17f63b5a41f494e1','http://demo.aisec.cn/demo/aisec/ajax_link.php','http://127.0.0.1:8775'),('184f6eb89a8573b9','http://www.aisec.cn/aiscanner/imageCode.php','http://127.0.0.1:8775'),('189e086989d60dce','http://www.aisec.cn/aiscanner/imageCode.php?r=1512979544','http://127.0.0.1:8775'),('18ecd1f83fdad3e8','http://www.aisec.cn/aiscanner/imageCode.php?r=1512981254&r=0.41205968684516847&r=0.4055852668825537','http://127.0.0.1:8775'),('18fbc02eea9e611c','http://www.aisec.cn/aiscanner/imageCode.php?r=1513059466','http://127.0.0.1:8775'),('197b859a5d9776f6','http://www.aisec.cn/aiscanner/imageCode.php','http://127.0.0.1:8775'),('19a41ca9d8365350','http://demo.aisec.cn/demo/aisec/ajax_link.php','http://127.0.0.1:8775'),('19af943746cd0877','http://www.aisec.cn/aiscanner/imageCode.php','http://127.0.0.1:8775'),('19c6d110005bac27','http://demo.aisec.cn/demo/aisec/ajax_link.php?id=1&t=0.8936348038259894','http://127.0.0.1:8775'),('1a1cc164909b13af','http://www.aisec.cn/aiscanner/imageCode.php','http://127.0.0.1:8775'),('1a404e9dd07a6fb7','http://www.aisec.cn/aiscanner/imageCode.php','http://127.0.0.1:8775'),('1afd4eb3a100ebe7','http://www.aisec.cn/aiscanner/imageCode.php?r=1512981309&r=0.7498946685809642','http://127.0.0.1:8775'),('1b3a2aef26a45e34','http://www.aisec.cn/aiscanner/imageCode.php?r=1512981410&r=0.6623281636275351','http://127.0.0.1:8775'),('1b3cc6b3d20e23e6','http://www.aisec.cn/aiscanner/imageCode.php','http://127.0.0.1:8775'),('1c78dc7702e0a740','http://www.aisec.cn/aiscanner/imageCode.php?r=1513059537&r=0.8392626773566008','http://127.0.0.1:8775'),('1cb5f0a9ef08e4c4','http://www.aisec.cn/aiscanner/imageCode.php','http://127.0.0.1:8775'),('1d83986959fcf5a0','http://demo.aisec.cn/demo/aisec/post_link.php','http://127.0.0.1:8775'),('1dbfd455d1952e88','http://www.aisec.cn/aiscanner/report.php','http://127.0.0.1:8775'),('1e1302abf4a8eed8','http://www.aisec.cn/aiscanner/imageCode.php?r=1512979544&r=0.5164697670843452&r=0.4957948422525078','http://127.0.0.1:8775'),('1e42220d48d97748','http://www.aisec.cn/aiscanner/imageCode.php','http://127.0.0.1:8775'),('1ecd358f66b12527','http://www.aisec.cn/aiscanner/imageCode.php?r=1512981287&r=0.4257273585535586&r=0.7003758910577744','http://127.0.0.1:8775'),('1f5f079c10f056f2','http://www.aisec.cn/aiscanner/login.php?','http://127.0.0.1:8775'),('1fe806ccaa3a5ca7','http://www.aisec.cn/aiscanner/login.php?msg=%E8%AF%B7%E5%85%88%E7%99%BB%E5%BD%95&t=1512979730','http://127.0.0.1:8775'),('218cd8c962342906','http://www.aisec.cn/aiscanner/imageCode.php','http://127.0.0.1:8775'),('21babd1f54c0fa10','http://www.aisec.cn/aiscanner/imageCode.php?r=1512980841','http://127.0.0.1:8775'),('22195be6b6660253','http://www.aisec.cn/aiscanner/login.php','http://127.0.0.1:8775'),('223932281d232fa2','http://demo.aisec.cn/demo/aisec/ajax_link.php','http://127.0.0.1:8775'),('22addec5cabd3513','http://www.aisec.cn/aiscanner/login.php','http://127.0.0.1:8775'),('22c0073ddb1e4b29','http://www.aisec.cn/cn/read.php','http://127.0.0.1:8775'),('2344e83bf0f93752','http://www.aisec.cn/aiscanner/imageCode.php?r=1512979732&r=0.6298103390727192','http://127.0.0.1:8775'),('23eee1b18c035985','http://www.aisec.cn/aiscanner/imageCode.php','http://127.0.0.1:8775'),('24172798051dd812','http://www.aisec.cn/aiscanner/imageCode.php?r=1512979658&r=0.0612626860383898&r=0.8829690155107528','http://127.0.0.1:8775'),('2447f4d6fb8b7f65','http://www.aisec.cn/aiscanner/login.php','http://127.0.0.1:8775'),('2461f17de7b52719','http://www.aisec.cn/aiscanner/login.php?msg=????&t=1512979542','http://127.0.0.1:8775'),('24970657a1f42f86','http://www.aisec.cn/aiscanner/login.php?','http://127.0.0.1:8775'),('24c4dd95b859a130','http://demo.aisec.cn/demo/aisec/ajax_link.php?id=1&t=0.6098554583732039','http://127.0.0.1:8775'),('24cc0dcb62873367','http://demo.aisec.cn/demo/aisec/cookie_link.php','http://127.0.0.1:8775'),('24f68753ec01fb56','http://demo.aisec.cn/demo/aisec/login2.php','http://127.0.0.1:8775'),('250f3f62698e97e3','http://demo.aisec.cn/demo/aisec/login2.php','http://127.0.0.1:8775'),('2642e36efd040eec','http://demo.aisec.cn/demo/aisec/ajax_link.php?id=1&t=0.5751144047826529','http://127.0.0.1:8775'),('271e68b9b8d1ddf2','http://www.aisec.cn/aiscanner/login.php','http://127.0.0.1:8775'),('2721d88a2235839a','http://demo.aisec.cn/demo/aisec/ajax_link.php','http://127.0.0.1:8775'),('277403da63c3e5ad','http://www.aisec.cn/aiscanner/imageCode.php?r=1512981254&r=0.41205968684516847&r=0.4055852668825537&r=0.5035837651230395&r=0.436749713961035','http://127.0.0.1:8775'),('27bdae15003edca9','http://demo.aisec.cn/demo/aisec/post_link.php','http://127.0.0.1:8775'),('287575172c8c4ebe','http://www.aisec.cn/aiscanner/reg.php?','http://127.0.0.1:8775'),('287bd8f9ae2b5776','http://demo.aisec.cn/demo/aisec/ajax_link.php?id=1&t=0.8073872362729162','http://127.0.0.1:8775'),('292fd9d3173b3b45','http://www.aisec.cn/aiscanner/login.php?msg=%E8%AF%B7%E5%85%88%E7%99%BB%E5%BD%95&t=1513059506','http://127.0.0.1:8775'),('2974ddc6387631fc','http://www.aisec.cn/aiscanner/imageCode.php?r=1512981287&r=0.4257273585535586&r=0.7003758910577744&r=0.7669821691233665&r=0.6430046611931175','http://127.0.0.1:8775'),('29eaf7b4cde45ee3','http://demo.aisec.cn/demo/aisec/post_link.php','http://127.0.0.1:8775'),('2a12ad8d681b44d1','http://www.aisec.cn/aiscanner/imageCode.php?r=1512981287&r=0.4257273585535586&r=0.7003758910577744&r=0.7669821691233665','http://127.0.0.1:8775'),('2a7980e5ce7af410','http://www.aisec.cn/aiscanner/login.php','http://127.0.0.1:8775'),('2a8f2ccf2f86dc3b','http://www.aisec.cn/aiscanner/imageCode.php','http://127.0.0.1:8775'),('2ac30ecb2da5bd47','http://demo.aisec.cn/demo/aisec/post_link.php','http://127.0.0.1:8775'),('2b3a4462f67c4478','http://demo.aisec.cn/demo/aisec/post_link.php','http://127.0.0.1:8775'),('2b85a4ee5197a996','http://www.aisec.cn/aiscanner/imageCode.php?r=1512979934&r=0.5184876378625631&r=0.5476926516275853','http://127.0.0.1:8775'),('2b97baeb18a7162b','http://www.aisec.cn/aiscanner/login.php','http://127.0.0.1:8775'),('2cbecd200be1704a','http://www.aisec.cn/aiscanner/login.php','http://127.0.0.1:8775'),('2ceb712a407d396e','http://demo.aisec.cn/demo/aisec/js_link.php','http://127.0.0.1:8775'),('2d1d4b33ef34bc8d','http://www.aisec.cn/aiscanner/imageCode.php','http://127.0.0.1:8775'),('2d48493ca00444c8','http://www.aisec.cn/aiscanner/login.php?msg=%E8%AF%B7%E5%85%88%E7%99%BB%E5%BD%95&t=1512979543','http://127.0.0.1:8775'),('2d70cc9f85be2747','http://demo.aisec.cn/demo/aisec/ajax_link.php','http://127.0.0.1:8775'),('2dd5ae10fe8c4415','http://www.aisec.cn/aiscanner/imageCode.php','http://127.0.0.1:8775'),('2e30a9d67262b248','http://www.aisec.cn/aiscanner/imageCode.php','http://127.0.0.1:8775'),('2e94e10347e541c5','http://www.aisec.cn/aiscanner/reg.php?','http://127.0.0.1:8775'),('2f640e0ac6205fd5','http://www.aisec.cn/aiscanner/login.php?msg=%E8%AF%B7%E5%85%88%E7%99%BB%E5%BD%95&t=1512980841','http://127.0.0.1:8775'),('2fbd6477db7fc4d8','http://www.aisec.cn/aiscanner/imageCode.php','http://127.0.0.1:8775'),('300c81d7a73f3cba','http://www.aisec.cn/aiscanner/imageCode.php','http://127.0.0.1:8775'),('30ca259d033440d4','http://demo.aisec.cn/demo/aisec/html_link.php','http://127.0.0.1:8775'),('315b45ec2877de8c','http://www.aisec.cn/aiscanner/reg.php','http://127.0.0.1:8775'),('31bb4e3a764c7135','http://www.aisec.cn/aiscanner/imageCode.php?r=1512979543','http://127.0.0.1:8775'),('33b22283e3d2d72b','http://demo.aisec.cn/demo/aisec/cookie_link.php','http://127.0.0.1:8775'),('33c2ec4e6215839d','http://www.aisec.cn/aiscanner/imageCode.php','http://127.0.0.1:8775'),('33ef177903ed595f','http://www.aisec.cn/aiscanner/imageCode.php','http://127.0.0.1:8775'),('343b55e8df45dd5f','http://www.aisec.cn/aiscanner/imageCode.php','http://127.0.0.1:8775'),('347e19ae8321575c','http://www.aisec.cn/aiscanner/login.php?','http://127.0.0.1:8775'),('35206db0032c8857','http://www.aisec.cn/aiscanner/imageCode.php?r=1513059442&r=0.5321894797962159','http://127.0.0.1:8775'),('35c6dd2e5d95f807','http://www.aisec.cn/aiscanner/imageCode.php','http://127.0.0.1:8775'),('365f93ed5fea9361','http://www.aisec.cn/aiscanner/login.php?','http://127.0.0.1:8775'),('36a6378f1d2eeac1','http://demo.aisec.cn/demo/aisec/js_link.php','http://127.0.0.1:8775'),('3713f4ca439d10d7','http://demo.aisec.cn/demo/aisec/ajax_link.php?id=1&t=0.8872256283648312','http://127.0.0.1:8775'),('38d471a25db39aeb','http://www.aisec.cn/aiscanner/imageCode.php','http://127.0.0.1:8775'),('3906162f9db96d4d','http://www.aisec.cn/aiscanner/imageCode.php','http://127.0.0.1:8775'),('39394810db76f490','http://www.aisec.cn/aiscanner/imageCode.php','http://127.0.0.1:8775'),('399eef84029b7ad2','http://demo.aisec.cn/demo/aisec/ajax_link.php','http://127.0.0.1:8775'),('3a50dbd3ccdd6b96','http://www.aisec.cn/aiscanner/login.php?msg=%E8%AF%B7%E5%85%88%E7%99%BB%E5%BD%95&t=1513059418','http://127.0.0.1:8775'),('3ab1eabc5b0cec4d','http://www.aisec.cn/aiscanner/imageCode.php?r=1512981309&r=0.7498946685809642','http://127.0.0.1:8775'),('3ae566299cd0817d','http://www.aisec.cn/aiscanner/imageCode.php?r=1512981287&r=0.4257273585535586','http://127.0.0.1:8775'),('3b10436ca09dd89e','http://www.aisec.cn/aiscanner/report.php?id=894179&h=fe482340d4fe9a89','http://127.0.0.1:8775'),('3b496be70fbadaa0','http://www.aisec.cn/aiscanner/imageCode.php','http://127.0.0.1:8775'),('3be1079851e51727','http://demo.aisec.cn/demo/aisec/ajax_link.php','http://127.0.0.1:8775'),('3c15491f7f56aae6','http://www.aisec.cn/aiscanner/imageCode.php?r=1512979696&r=0.45059624244458973','http://127.0.0.1:8775'),('3c851047ba9e8f62','http://www.aisec.cn/aiscanner/reg.php','http://127.0.0.1:8775'),('3cad890e23e67189','http://www.aisec.cn/aiscanner/login.php?msg=%E8%AF%B7%E5%85%88%E7%99%BB%E5%BD%95&t=1512980841','http://127.0.0.1:8775'),('3d003b215e65fc50','http://www.aisec.cn/aiscanner/login.php?msg=%E8%AF%B7%E5%85%88%E7%99%BB%E5%BD%95&t=1512981254','http://127.0.0.1:8775'),('3e6affb042fbe162','http://demo.aisec.cn/demo/aisec/html_link.php','http://127.0.0.1:8775'),('3e6f3280590c62a9','http://www.aisec.cn/aiscanner/login.php?','http://127.0.0.1:8775'),('3ec798a880dab195','http://www.aisec.cn/aiscanner/imageCode.php?r=1512981287&r=0.4257273585535586','http://127.0.0.1:8775'),('3f52a0edf4315c31','http://www.aisec.cn/aiscanner/login.php?','http://127.0.0.1:8775'),('3fa386d26cf23d35','http://www.aisec.cn/aiscanner/reg.php','http://127.0.0.1:8775'),('409eac61975006e1','http://www.aisec.cn/cn/read.php','http://127.0.0.1:8775'),('40f2da0f0692fbde','http://www.aisec.cn/aiscanner/imageCode.php','http://127.0.0.1:8775'),('419562b0a2985d6d','http://demo.aisec.cn/demo/aisec/post_link.php','http://127.0.0.1:8775'),('421a8a4152b7188e','http://demo.aisec.cn/demo/aisec/post_link.php','http://127.0.0.1:8775'),('42f1c7ba06bcbcbd','http://www.aisec.cn/aiscanner/imageCode.php','http://127.0.0.1:8775'),('4329655c7ba967eb','http://demo.aisec.cn/demo/aisec/cookie_link.php','http://127.0.0.1:8775'),('43c9a2603e34c29d','http://www.aisec.cn/aiscanner/imageCode.php?r=1512979732&r=0.6298103390727192&r=0.9621851332485676','http://127.0.0.1:8775'),('444b1323e5bb28dd','http://demo.aisec.cn/demo/aisec/ajax_link.php','http://127.0.0.1:8775'),('446a565cde8669b0','http://www.aisec.cn/aiscanner/login.php?','http://127.0.0.1:8775'),('44bfb79048dd4b08','http://demo.aisec.cn/demo/aisec/ajax_link.php','http://127.0.0.1:8775'),('44c068fa2f34ebfc','http://www.aisec.cn/aiscanner/imageCode.php','http://127.0.0.1:8775'),('459c68c5e9073934','http://www.aisec.cn/aiscanner/imageCode.php?r=1512981309','http://127.0.0.1:8775'),('45f24280fe2ce353','http://www.aisec.cn/aiscanner/login.php?msg=%E8%AF%B7%E5%85%88%E7%99%BB%E5%BD%95&t=1512980841','http://127.0.0.1:8775'),('466d40ce823195ed','http://demo.aisec.cn/demo/aisec/js_link.php','http://127.0.0.1:8775'),('4700c7f0fd394f7e','http://www.aisec.cn/aiscanner/login.php','http://127.0.0.1:8775'),('4754a678850b4014','http://demo.aisec.cn/demo/aisec/ajax_link.php','http://127.0.0.1:8775'),('477c7ac9d51533e1','http://www.aisec.cn/aiscanner/imageCode.php','http://127.0.0.1:8775'),('47a5bf5f69463772','http://hm.baidu.com/hm.gif','http://127.0.0.1:8775'),('47c68d74e175a58e','http://www.aisec.cn/aiscanner/login.php','http://127.0.0.1:8775'),('4807ebe7271afd01','http://www.aisec.cn/aiscanner/login.php?','http://127.0.0.1:8775'),('481d27a99e22af5e','http://demo.aisec.cn/demo/aisec/ajax_link.php','http://127.0.0.1:8775'),('483df32432ba9cc0','http://demo.aisec.cn/demo/aisec/html_link.php?id=2','http://127.0.0.1:8775'),('4869168e35be5646','http://demo.aisec.cn/demo/aisec/ajax_link.php','http://127.0.0.1:8775'),('49b2cd939c90c679','http://www.aisec.cn/aiscanner/login.php','http://127.0.0.1:8775'),('49f77cd6a5573d34','http://demo.aisec.cn/demo/aisec/ajax_link.php','http://127.0.0.1:8775'),('4a4cb90c361e2ddd','http://www.aisec.cn/aiscanner/login.php','http://127.0.0.1:8775'),('4a6d45528f22e9a1','http://www.aisec.cn/aiscanner/imageCode.php?r=1512981309&r=0.7498946685809642&r=0.8847151303198189','http://127.0.0.1:8775'),('4b2a520d36b9e565','http://www.aisec.cn/aiscanner/imageCode.php','http://127.0.0.1:8775'),('4b6d34e34193a04c','http://www.aisec.cn/aiscanner/login.php?','http://127.0.0.1:8775'),('4baa752509aac672','http://demo.aisec.cn/demo/aisec/ajax_link.php?id=1&t=0.8872256283648312','http://127.0.0.1:8775'),('4bad349edc4f4066','http://www.aisec.cn/aiscanner/login.php','http://127.0.0.1:8775'),('4c484a6a250891a0','http://www.aisec.cn/aiscanner/imageCode.php?r=1513059537&r=0.8392626773566008&r=0.3127580084837973&r=0.6155287350993603','http://127.0.0.1:8775'),('4c703ec52193ce87','http://www.aisec.cn/aiscanner/imageCode.php','http://127.0.0.1:8775'),('4cb75548e94706d8','http://www.aisec.cn/aiscanner/imageCode.php','http://127.0.0.1:8775'),('4cd45268d4bbb4d0','http://www.aisec.cn/aiscanner/imageCode.php','http://127.0.0.1:8775'),('4cf03c6af66adf2b','http://www.aisec.cn/aiscanner/imageCode.php?r=1512981410&r=0.6623281636275351&r=0.6456362279132009','http://127.0.0.1:8775'),('4d0e517f6bbc908f','http://www.aisec.cn/aiscanner/imageCode.php','http://127.0.0.1:8775'),('4d1e00ba5249febc','http://www.aisec.cn/aiscanner/imageCode.php?r=1512979934','http://127.0.0.1:8775'),('4d2fe7454b5fe2c4','http://demo.aisec.cn/demo/aisec/post_link.php','http://127.0.0.1:8775'),('4f86474275f1b269','http://demo.aisec.cn/demo/aisec/ajax_link.php','http://127.0.0.1:8775'),('5089b6155d6ea77c','http://www.aisec.cn/aiscanner/imageCode.php?r=1512979544&r=0.5164697670843452&r=0.4957948422525078','http://127.0.0.1:8775'),('50b0122384196fe5','http://www.aisec.cn/aiscanner/imageCode.php?r=1512981254&r=0.41205968684516847','http://127.0.0.1:8775'),('510b588f57e5f123','http://www.aisec.cn/aiscanner/imageCode.php?r=1512979732&r=0.6298103390727192','http://127.0.0.1:8775'),('512335e95c7a4350','http://demo.aisec.cn/demo/aisec/html_link.php','http://127.0.0.1:8775'),('51801410d4c198cf','http://demo.aisec.cn/demo/aisec/post_link.php','http://127.0.0.1:8775'),('52a8dc7d564ca768','http://demo.aisec.cn/demo/aisec/click_link.php','http://127.0.0.1:8775'),('5386d0a8da6f4fb6','http://www.aisec.cn/aiscanner/login.php','http://127.0.0.1:8775'),('5389160721402a45','http://www.aisec.cn/aiscanner/imageCode.php?r=1512981287','http://127.0.0.1:8775'),('53bee8b70f61a06e','http://www.aisec.cn/aiscanner/login.php','http://127.0.0.1:8775'),('53f02b26dc650398','http://www.aisec.cn/aiscanner/imageCode.php','http://127.0.0.1:8775'),('549081d08d92565c','http://www.aisec.cn/aiscanner/imageCode.php?r=1512981254','http://127.0.0.1:8775'),('54c16b4e166d7fbc','http://demo.aisec.cn/demo/aisec/post_link.php','http://127.0.0.1:8775'),('555ecd6b7b5314ab','http://www.aisec.cn/aiscanner/imageCode.php','http://127.0.0.1:8775'),('55e3c92f32a9e87a','http://www.aisec.cn/aiscanner/reg.php','http://127.0.0.1:8775'),('56215eaa26e56de0','http://www.aisec.cn/aiscanner/imageCode.php?r=1512981410&r=0.6623281636275351&r=0.6456362279132009&r=0.36857322650030255&r=0.13628162955865264','http://127.0.0.1:8775'),('56aca3825704f43a','http://www.aisec.cn/aiscanner/reg.php','http://127.0.0.1:8775'),('57003aeaeba0baf7','http://www.aisec.cn/aiscanner/imageCode.php?r=1512981410','http://127.0.0.1:8775'),('575fa708f820aa04','http://www.aisec.cn/aiscanner/imageCode.php','http://127.0.0.1:8775'),('57641e781d732ff4','http://www.aisec.cn/aiscanner/imageCode.php?r=1512979543','http://127.0.0.1:8775'),('577e94a9491499bb','http://demo.aisec.cn/demo/aisec/post_link.php','http://127.0.0.1:8775'),('5798c08f9c7133f3','http://www.aisec.cn/aiscanner/imageCode.php?r=1512981309&r=0.7498946685809642&r=0.8847151303198189&r=0.3632128352764994&r=0.5520097541157156','http://127.0.0.1:8775'),('57cf37e5ae5d60e2','http://demo.aisec.cn/demo/aisec/post_link.php','http://127.0.0.1:8775'),('583da5711a975476','http://www.aisec.cn/aiscanner/report.php?id=894179&h=fe482340d4fe9a89','http://127.0.0.1:8775'),('59724ff092bf3d1c','http://www.aisec.cn/aiscanner/imageCode.php','http://127.0.0.1:8775'),('59e72b4f06b06279','http://www.aisec.cn/aiscanner/login.php','http://127.0.0.1:8775'),('5a34360fee6890b4','http://www.aisec.cn/aiscanner/imageCode.php','http://127.0.0.1:8775'),('5a6b4a8432fa00d8','http://www.aisec.cn/aiscanner/imageCode.php','http://127.0.0.1:8775'),('5ae8436b3657a882','http://www.aisec.cn/aiscanner/imageCode.php?r=1512981287&r=0.4257273585535586&r=0.7003758910577744&r=0.7669821691233665','http://127.0.0.1:8775'),('5ba39f4af43803ee','http://www.aisec.cn/aiscanner/login.php','http://127.0.0.1:8775'),('5d84a907513a8f8a','http://demo.aisec.cn/demo/aisec/cookie_link.php?id=1','http://127.0.0.1:8775'),('5dc3f4c56196d4b4','http://www.aisec.cn/aiscanner/imageCode.php','http://127.0.0.1:8775'),('5f7156160b95bea3','http://www.aisec.cn/aiscanner/imageCode.php?r=1512981309&r=0.7498946685809642&r=0.8847151303198189&r=0.3632128352764994&r=0.5520097541157156','http://127.0.0.1:8775'),('60585f2e1ddea766','http://www.aisec.cn/aiscanner/imageCode.php','http://127.0.0.1:8775'),('60d5416af07f48b1','http://demo.aisec.cn/demo/aisec/click_link.php?id=2','http://127.0.0.1:8775'),('61b66cccb6b7a4f0','http://www.aisec.cn/aiscanner/imageCode.php?r=1512979544','http://127.0.0.1:8775'),('638eef48a7bf3cd5','http://www.aisec.cn/aiscanner/imageCode.php?r=1512979732&r=0.6298103390727192&r=0.9621851332485676','http://127.0.0.1:8775'),('6473540dbb7dd3b1','http://demo.aisec.cn/demo/aisec/login2.php?','http://127.0.0.1:8775'),('64b21e5dd9f9541e','http://demo.aisec.cn/demo/aisec/ajax_link.php?id=1&t=0.6098554583732039','http://127.0.0.1:8775'),('64fe19a60a3a07cf','http://www.aisec.cn/aiscanner/imageCode.php','http://127.0.0.1:8775'),('655173f7ce86799c','http://demo.aisec.cn/demo/aisec/js_link.php?id=2&msg=abc','http://127.0.0.1:8775'),('6569f828b35b226f','http://demo.aisec.cn/demo/aisec/js_link.php?id=2&msg=abc','http://127.0.0.1:8775'),('65d60d828ae843ff','http://www.aisec.cn/aiscanner/login.php','http://127.0.0.1:8775'),('6655b9110f9fc66b','http://www.aisec.cn/aiscanner/imageCode.php','http://127.0.0.1:8775'),('665adcea88471f25','http://www.aisec.cn/aiscanner/login.php','http://127.0.0.1:8775'),('66b70780bfe13b4c','http://www.aisec.cn/aiscanner/imageCode.php','http://127.0.0.1:8775'),('6716f006908b3808','http://www.aisec.cn/aiscanner/login.php?msg=%E8%AF%B7%E5%85%88%E7%99%BB%E5%BD%95&t=1512981385','http://127.0.0.1:8775'),('672b40380c5a9571','http://www.aisec.cn/aiscanner/imageCode.php','http://127.0.0.1:8775'),('6732583e051b7f9e','http://www.aisec.cn/aiscanner/imageCode.php?r=1512979544&r=0.5164697670843452&r=0.4957948422525078','http://127.0.0.1:8775'),('6762fea263188fe2','http://www.aisec.cn/aiscanner/imageCode.php','http://127.0.0.1:8775'),('67fb0d35efbe9334','http://www.aisec.cn/aiscanner/imageCode.php','http://127.0.0.1:8775'),('68086a40dbb3b81c','http://demo.aisec.cn/demo/aisec/post_link.php','http://127.0.0.1:8775'),('68271022a91869e9','http://www.aisec.cn/aiscanner/imageCode.php','http://127.0.0.1:8775'),('683aaa889388672e','http://www.aisec.cn/aiscanner/login.php?','http://127.0.0.1:8775'),('6964c6fc65cff77e','http://www.aisec.cn/aiscanner/imageCode.php?r=1512981287&r=0.4257273585535586&r=0.7003758910577744&r=0.7669821691233665','http://127.0.0.1:8775'),('6a9b631143b95769','http://www.aisec.cn/aiscanner/login.php?','http://127.0.0.1:8775'),('6aefe83829abc30f','http://www.aisec.cn/aiscanner/imageCode.php','http://127.0.0.1:8775'),('6b305caa69b214b1','http://demo.aisec.cn/demo/aisec/post_link.php','http://127.0.0.1:8775'),('6baa0f6c7e5b96df','http://www.aisec.cn/aiscanner/imageCode.php','http://127.0.0.1:8775'),('6d065311b540f82b','http://www.aisec.cn/aiscanner/imageCode.php','http://127.0.0.1:8775'),('6d0e89c37f29e306','http://www.aisec.cn/aiscanner/imageCode.php','http://127.0.0.1:8775'),('6db09226225660ce','http://demo.aisec.cn/demo/aisec/js_link.php','http://127.0.0.1:8775'),('6dec0e74e41cad7f','http://www.aisec.cn/aiscanner/imageCode.php?r=1512979696&r=0.45059624244458973','http://127.0.0.1:8775'),('6e49bcb9426bbe05','http://demo.aisec.cn/demo/aisec/post_link.php','http://127.0.0.1:8775'),('6e5b98705ee7f477','http://www.aisec.cn/aiscanner/imageCode.php','http://127.0.0.1:8775'),('7039cfdc585f70f6','http://www.aisec.cn/cn/read.php?id=20141218','http://127.0.0.1:8775'),('706a416461b1c3e6','http://www.aisec.cn/aiscanner/imageCode.php','http://127.0.0.1:8775'),('7142285c1bbcbaa8','http://www.aisec.cn/aiscanner/imageCode.php?r=1512981410&r=0.6623281636275351&r=0.6456362279132009&r=0.36857322650030255&r=0.13628162955865264','http://127.0.0.1:8775'),('71508eee9cbe7cf1','http://www.aisec.cn/aiscanner/imageCode.php','http://127.0.0.1:8775'),('715af83cab993637','http://www.aisec.cn/aiscanner/imageCode.php?r=1512981276','http://127.0.0.1:8775'),('7337522d12dc2354','http://demo.aisec.cn/demo/aisec/cookie_link.php','http://127.0.0.1:8775'),('735310a65890ee54','http://www.aisec.cn/aiscanner/imageCode.php','http://127.0.0.1:8775'),('73bf9ca504f88fe1','http://www.aisec.cn/aiscanner/imageCode.php?r=1512979696&r=0.45059624244458973','http://127.0.0.1:8775'),('7429372f461a73f1','http://demo.aisec.cn/demo/aisec/login2.php?','http://127.0.0.1:8775'),('758cecb0f10491db','http://www.aisec.cn/aiscanner/imageCode.php','http://127.0.0.1:8775'),('75a92d4193d19144','http://www.aisec.cn/aiscanner/imageCode.php?r=1512979544','http://127.0.0.1:8775'),('7643e3cff7784063','http://www.aisec.cn/aiscanner/imageCode.php','http://127.0.0.1:8775'),('76ac7de6c2fc60b5','http://demo.aisec.cn/demo/aisec/cookie_link.php?id=1','http://127.0.0.1:8775'),('76c01bdd4e2e6e88','http://www.aisec.cn/aiscanner/imageCode.php','http://127.0.0.1:8775'),('7772265c626ea263','http://www.aisec.cn/aiscanner/imageCode.php','http://127.0.0.1:8775'),('77943beb016801a7','http://www.aisec.cn/aiscanner/imageCode.php','http://127.0.0.1:8775'),('77e2e5b7a5c67465','http://demo.aisec.cn/demo/aisec/post_link.php','http://127.0.0.1:8775'),('78c6e6b9ac90ebd7','http://www.aisec.cn/aiscanner/imageCode.php','http://127.0.0.1:8775'),('7903c3c4ce904d92','http://www.aisec.cn/aiscanner/login.php?msg=%E8%AF%B7%E5%85%88%E7%99%BB%E5%BD%95&t=1512979731','http://127.0.0.1:8775'),('79543396473c2c06','http://www.aisec.cn/aiscanner/imageCode.php','http://127.0.0.1:8775'),('7954be979c6dd757','http://demo.aisec.cn/demo/aisec/post_link.php','http://127.0.0.1:8775'),('7a1dbe50fe97130f','http://www.aisec.cn/aiscanner/imageCode.php?r=1512981254&r=0.41205968684516847&r=0.4055852668825537&r=0.5035837651230395&r=0.436749713961035','http://127.0.0.1:8775'),('7a24e71764d17f82','http://www.aisec.cn/aiscanner/imageCode.php?r=1512981309&r=0.7498946685809642&r=0.8847151303198189','http://127.0.0.1:8775'),('7aae1a149d207f6b','http://www.aisec.cn/aiscanner/imageCode.php','http://127.0.0.1:8775'),('7afebaa5b96b9fcf','http://demo.aisec.cn/demo/aisec/ajax_link.php?id=1&t=0.8872256283648312','http://127.0.0.1:8775'),('7b3d1e63f8515267','http://www.aisec.cn/aiscanner/login.php','http://127.0.0.1:8775'),('7b9405ac1a0f5736','http://www.aisec.cn/aiscanner/imageCode.php','http://127.0.0.1:8775'),('7be6118217b9bf9d','http://www.aisec.cn/aiscanner/imageCode.php?r=1513059537&r=0.8392626773566008&r=0.3127580084837973&r=0.6155287350993603&r=0.6134015677962452','http://127.0.0.1:8775'),('7c3aa6f2ff719bb9','http://www.aisec.cn/aiscanner/login.php','http://127.0.0.1:8775'),('7c3e5fa596d4fae7','http://www.aisec.cn/aiscanner/login.php','http://127.0.0.1:8775'),('7c6bc71b7ae4f6e5','http://www.aisec.cn/aiscanner/imageCode.php?r=1512981309&r=0.7498946685809642&r=0.8847151303198189&r=0.3632128352764994&r=0.5520097541157156','http://127.0.0.1:8775'),('7d28a150d7fc9471','http://www.aisec.cn/cn/read.php?id=20141218','http://127.0.0.1:8775'),('7da8f753bbbbadcc','http://demo.aisec.cn/demo/aisec/html_link.php','http://127.0.0.1:8775'),('7dd706c438ee8c7b','http://demo.aisec.cn/demo/aisec/ajax_link.php?id=1&t=0.8872256283648312','http://127.0.0.1:8775'),('7e8b83cf66466797','http://www.aisec.cn/aiscanner/imageCode.php','http://127.0.0.1:8775'),('7ea57c6f7c0822db','http://www.aisec.cn/aiscanner/login.php','http://127.0.0.1:8775'),('7ec0e69a2e4f3987','http://www.aisec.cn/aiscanner/imageCode.php?r=1512979732&r=0.6298103390727192&r=0.9621851332485676','http://127.0.0.1:8775'),('7fcb2f681866e033','http://www.aisec.cn/aiscanner/imageCode.php','http://127.0.0.1:8775'),('7ff1cd74a243b0a1','http://www.aisec.cn/aiscanner/imageCode.php','http://127.0.0.1:8775'),('802869c1e4398e7a','http://demo.aisec.cn/demo/aisec/ajax_link.php','http://127.0.0.1:8775'),('8054076bdd3a36e6','http://www.aisec.cn/aiscanner/login.php?msg=%E8%AF%B7%E5%85%88%E7%99%BB%E5%BD%95&t=1512981254','http://127.0.0.1:8775'),('8075b42d3b50789b','http://www.aisec.cn/aiscanner/imageCode.php','http://127.0.0.1:8775'),('809bcf8fbf4bd4ad','http://www.aisec.cn/aiscanner/imageCode.php?r=1512979732','http://127.0.0.1:8775'),('8104e8a0f4aeb97c','http://demo.aisec.cn/demo/aisec/cookie_link.php','http://127.0.0.1:8775'),('8130fa864f76ea30','http://www.aisec.cn/aiscanner/login.php','http://127.0.0.1:8775'),('822bebd1536fb80b','http://www.aisec.cn/cn/img/1.jpg','http://127.0.0.1:8775'),('8284a896bf41e236','http://www.aisec.cn/aiscanner/report.php?id=894179&h=fe482340d4fe9a89','http://127.0.0.1:8775'),('8289f065aef12e99','http://www.aisec.cn/aiscanner/imageCode.php','http://127.0.0.1:8775'),('82a378c139aa1ca4','http://www.aisec.cn/aiscanner/imageCode.php','http://127.0.0.1:8775'),('82d21b3c0b8715a9','http://www.aisec.cn/aiscanner/imageCode.php','http://127.0.0.1:8775'),('83a4aaffa7eb7b63','http://www.aisec.cn/aiscanner/imageCode.php','http://127.0.0.1:8775'),('83feb6e178dbe906','http://demo.aisec.cn/demo/aisec/post_link.php','http://127.0.0.1:8775'),('843a86b30ba1d7a5','http://www.aisec.cn/aiscanner/reg.php?','http://127.0.0.1:8775'),('84b45d71fcd52df5','http://www.aisec.cn/aiscanner/imageCode.php','http://127.0.0.1:8775'),('84fcc2e6aabeb186','http://demo.aisec.cn/demo/aisec/post_link.php','http://127.0.0.1:8775'),('8500d405b517bc85','http://www.aisec.cn/aiscanner/login.php','http://127.0.0.1:8775'),('85218c55ca8fd2e7','http://www.aisec.cn/aiscanner/login.php','http://127.0.0.1:8775'),('85442cb2b902dca1','http://demo.aisec.cn/demo/aisec/js_link.php','http://127.0.0.1:8775'),('85463a6bd5acbd80','http://www.aisec.cn/aiscanner/imageCode.php','http://127.0.0.1:8775'),('8555e86c364f96db','http://demo.aisec.cn/demo/aisec/cookie_link.php','http://127.0.0.1:8775'),('85ffcdf878e609b6','http://www.aisec.cn/aiscanner/imageCode.php?r=1512979934','http://127.0.0.1:8775'),('86792a9530755844','http://www.aisec.cn/aiscanner/login.php','http://127.0.0.1:8775'),('86cbeed16fe25e50','http://www.aisec.cn/aiscanner/login.php','http://127.0.0.1:8775'),('87379a416cba71a3','http://www.aisec.cn/aiscanner/imageCode.php','http://127.0.0.1:8775'),('87f28a9607544a71','http://www.aisec.cn/aiscanner/imageCode.php?r=1513059442','http://127.0.0.1:8775'),('880c84962818e56c','http://www.aisec.cn/aiscanner/imageCode.php','http://127.0.0.1:8775'),('88226b49c851a90e','http://demo.aisec.cn/demo/aisec/ajax_link.php','http://127.0.0.1:8775'),('88b548f0274b9d0c','http://www.aisec.cn/aiscanner/imageCode.php','http://127.0.0.1:8775'),('88c2424252229b6f','http://www.aisec.cn/aiscanner/imageCode.php?r=1512981309','http://127.0.0.1:8775'),('8983704f865de6c3','http://www.aisec.cn/aiscanner/imageCode.php','http://127.0.0.1:8775'),('89887a40fb603319','http://demo.aisec.cn/demo/aisec/ajax_link.php?id=1&t=0.8073872362729162','http://127.0.0.1:8775'),('8a04ab111649dbdd','http://www.aisec.cn/aiscanner/login.php?','http://127.0.0.1:8775'),('8a0a986ec4c9baf2','http://www.aisec.cn/aiscanner/login.php?msg=%E8%AF%B7%E5%85%88%E7%99%BB%E5%BD%95&t=1512979731','http://127.0.0.1:8775'),('8a7f2ce3ab365a73','http://www.aisec.cn/aiscanner/login.php','http://127.0.0.1:8775'),('8ac65e2a20f6a34d','http://demo.aisec.cn/demo/aisec/post_link.php','http://127.0.0.1:8775'),('8ad8bbc5f0e50f17','http://www.aisec.cn/aiscanner/imageCode.php?r=1513059537&r=0.8392626773566008','http://127.0.0.1:8775'),('8af24fac0711fbe3','http://www.aisec.cn/aiscanner/imageCode.php','http://127.0.0.1:8775'),('8b4bc184fae192c9','http://www.aisec.cn/aiscanner/imageCode.php','http://127.0.0.1:8775'),('8b6cdad788073fc3','http://www.aisec.cn/aiscanner/imageCode.php?r=1512979658','http://127.0.0.1:8775'),('8b7b45cc879423d9','http://demo.aisec.cn/demo/aisec/html_link.php','http://127.0.0.1:8775'),('8b9cebc07e617467','http://www.aisec.cn/aiscanner/imageCode.php','http://127.0.0.1:8775'),('8bc6901fc706205a','http://www.aisec.cn/aiscanner/login.php?msg=????&t=1512979542','http://127.0.0.1:8775'),('8bd958a7b96d2f12','http://www.aisec.cn/aiscanner/imageCode.php?r=1512981254&r=0.41205968684516847&r=0.4055852668825537&r=0.5035837651230395','http://127.0.0.1:8775'),('8ce78064fbcb7051','http://demo.aisec.cn/demo/aisec/login2.php?','http://127.0.0.1:8775'),('8d7d481e9b0f3218','http://www.aisec.cn/aiscanner/imageCode.php?r=1512979934','http://127.0.0.1:8775'),('8dbb10ddfc0d5a09','http://demo.aisec.cn/demo/aisec/ajax_link.php','http://127.0.0.1:8775'),('8e07281bdc109d33','http://www.aisec.cn/aiscanner/imageCode.php','http://127.0.0.1:8775'),('8e2ce1c771c710ee','http://www.aisec.cn/aiscanner/login.php','http://127.0.0.1:8775'),('8ea29efc9da4cd7b','http://www.aisec.cn/aiscanner/imageCode.php','http://127.0.0.1:8775'),('8f8b269e4bc494c1','http://www.aisec.cn/aiscanner/imageCode.php','http://127.0.0.1:8775'),('8fbb179875227c0d','http://www.aisec.cn/aiscanner/imageCode.php','http://127.0.0.1:8775'),('900d4bcff7f2053b','http://www.aisec.cn/aiscanner/report.php','http://127.0.0.1:8775'),('9126ae5d9d3c6868','http://www.aisec.cn/aiscanner/login.php','http://127.0.0.1:8775'),('91d9e69aa0c14257','http://www.aisec.cn/aiscanner/imageCode.php','http://127.0.0.1:8775'),('927dab0ed894a61d','http://www.aisec.cn/aiscanner/login.php','http://127.0.0.1:8775'),('92f0977ddfa4db22','http://www.aisec.cn/aiscanner/login.php','http://127.0.0.1:8775'),('92f2d3aed0b202ff','http://www.aisec.cn/aiscanner/imageCode.php','http://127.0.0.1:8775'),('935f0fcb01ecee0c','http://www.aisec.cn/aiscanner/login.php?msg=%E8%AF%B7%E5%85%88%E7%99%BB%E5%BD%95&t=1512981254','http://127.0.0.1:8775'),('93a5fa538b371db5','http://www.aisec.cn/aiscanner/imageCode.php','http://127.0.0.1:8775'),('93c54afa0126871f','http://www.aisec.cn/cn/read.php','http://127.0.0.1:8775'),('94efc0694e3d5a88','http://demo.aisec.cn/demo/aisec/post_link.php','http://127.0.0.1:8775'),('94f119e6449ad93d','http://demo.aisec.cn/demo/aisec/cookie_link.php?id=1','http://127.0.0.1:8775'),('956cc4761508f537','http://www.aisec.cn/aiscanner/imageCode.php','http://127.0.0.1:8775'),('957a2802d2d02b75','http://www.aisec.cn/aiscanner/login.php?msg=%E8%AF%B7%E5%85%88%E7%99%BB%E5%BD%95&t=1513059418','http://127.0.0.1:8775'),('9683ea162214b060','http://www.aisec.cn/aiscanner/imageCode.php?r=1513059537&r=0.8392626773566008&r=0.3127580084837973&r=0.6155287350993603&r=0.6134015677962452','http://127.0.0.1:8775'),('96b33614e632e214','http://www.aisec.cn/aiscanner/login.php','http://127.0.0.1:8775'),('96bd1011aee75f33','http://www.aisec.cn/aiscanner/imageCode.php?r=1512981287&r=0.4257273585535586&r=0.7003758910577744','http://127.0.0.1:8775'),('96f65fb1b7fd2e61','http://www.aisec.cn/aiscanner/login.php','http://127.0.0.1:8775'),('96f8a5515db40ce8','http://demo.aisec.cn/demo/aisec/ajax_link.php','http://127.0.0.1:8775'),('974d5380dd1fac15','http://www.aisec.cn/aiscanner/login.php?msg=%E8%AF%B7%E5%85%88%E7%99%BB%E5%BD%95&t=1512979730','http://127.0.0.1:8775'),('9767f69ee6253421','http://www.aisec.cn/aiscanner/imageCode.php?r=1512979658&r=0.0612626860383898&r=0.8829690155107528','http://127.0.0.1:8775'),('9773c39f721eac66','http://www.aisec.cn/aiscanner/imageCode.php','http://127.0.0.1:8775'),('97f421ad0b30f329','http://www.aisec.cn/aiscanner/imageCode.php','http://127.0.0.1:8775'),('982d1da72957cbe4','http://demo.aisec.cn/demo/aisec/post_link.php','http://127.0.0.1:8775'),('99581e24b9775541','http://www.aisec.cn/aiscanner/login.php','http://127.0.0.1:8775'),('99b6416640e1bc42','http://www.aisec.cn/aiscanner/login.php','http://127.0.0.1:8775'),('9b45166b61d9caa0','http://www.aisec.cn/aiscanner/imageCode.php','http://127.0.0.1:8775'),('9b8d42c1b9cfb1c0','http://demo.aisec.cn/demo/aisec/ajax_link.php?id=1&t=0.6173781554680318','http://127.0.0.1:8775'),('9bbdef71b81ecdde','http://www.aisec.cn/aiscanner/imageCode.php','http://127.0.0.1:8775'),('9df8e964a51f196c','http://www.aisec.cn/aiscanner/imageCode.php','http://127.0.0.1:8775'),('9ebe478da4e4c932','http://demo.aisec.cn/demo/aisec/login2.php','http://127.0.0.1:8775'),('9fbc7813c4183aee','http://www.aisec.cn/aiscanner/login.php','http://127.0.0.1:8775'),('a17ef684a002ad69','http://demo.aisec.cn/demo/aisec/ajax_link.php','http://127.0.0.1:8775'),('a19143bf3c71ebf2','http://www.aisec.cn/aiscanner/imageCode.php','http://127.0.0.1:8775'),('a203f964e96681ae','http://www.aisec.cn/aiscanner/imageCode.php','http://127.0.0.1:8775'),('a2ce0fc3657e0565','http://www.aisec.cn/aiscanner/imageCode.php','http://127.0.0.1:8775'),('a308c30641f885dd','http://www.aisec.cn/aiscanner/imageCode.php','http://127.0.0.1:8775'),('a33bc2d7c0b1d1a1','http://www.aisec.cn/aiscanner/login.php','http://127.0.0.1:8775'),('a3fd0d53ffdebeda','http://www.aisec.cn/aiscanner/imageCode.php?r=1512981254','http://127.0.0.1:8775'),('a424fe7fe8d8e0b0','http://www.aisec.cn/aiscanner/imageCode.php?r=1512979696','http://127.0.0.1:8775'),('a484a5ea74ef098c','http://www.aisec.cn/cn/read.php','http://127.0.0.1:8775'),('a4953a0d36541126','http://www.aisec.cn/aiscanner/imageCode.php','http://127.0.0.1:8775'),('a50f8acfe57fcd79','http://www.aisec.cn/aiscanner/login.php','http://127.0.0.1:8775'),('a64b419aed5bdc11','http://www.aisec.cn/aiscanner/imageCode.php?r=1512981410&r=0.6623281636275351&r=0.6456362279132009','http://127.0.0.1:8775'),('a72494e5f995a261','http://www.aisec.cn/aiscanner/imageCode.php','http://127.0.0.1:8775'),('a7627fe8a2f19acd','http://www.aisec.cn/aiscanner/imageCode.php?r=1512979658&r=0.0612626860383898&r=0.8829690155107528','http://127.0.0.1:8775'),('a7686c4ea5fde018','http://www.aisec.cn/aiscanner/reg.php?','http://127.0.0.1:8775'),('a885180ce29e3a1e','http://www.aisec.cn/aiscanner/login.php?','http://127.0.0.1:8775'),('a88f26c55b70717f','http://www.aisec.cn/aiscanner/imageCode.php?r=1512981254','http://127.0.0.1:8775'),('a8f53ed050b8b44d','http://www.aisec.cn/aiscanner/reg.php','http://127.0.0.1:8775'),('a997d46568b1e61d','http://www.aisec.cn/aiscanner/imageCode.php','http://127.0.0.1:8775'),('a9a2604e7ded315d','http://www.aisec.cn/aiscanner/reg.php?','http://127.0.0.1:8775'),('aa656a072477d83f','http://www.aisec.cn/aiscanner/imageCode.php','http://127.0.0.1:8775'),('ab2dd0cbff1493f9','http://www.aisec.cn/aiscanner/imageCode.php?r=1512981287&r=0.4257273585535586&r=0.7003758910577744&r=0.7669821691233665&r=0.6430046611931175','http://127.0.0.1:8775'),('abe6fff3e71c61be','http://www.aisec.cn/aiscanner/imageCode.php','http://127.0.0.1:8775'),('ad66407ed92a5086','http://www.aisec.cn/aiscanner/imageCode.php','http://127.0.0.1:8775'),('adea9a9134d387e0','http://www.aisec.cn/aiscanner/imageCode.php','http://127.0.0.1:8775'),('ae7ef548b8a8db7d','http://www.aisec.cn/aiscanner/imageCode.php?r=1512979732','http://127.0.0.1:8775'),('aec7f14c65be7fe0','http://www.aisec.cn/aiscanner/login.php','http://127.0.0.1:8775'),('afba24432deb8507','http://www.aisec.cn/aiscanner/imageCode.php?r=1512981254&r=0.41205968684516847&r=0.4055852668825537','http://127.0.0.1:8775'),('afef32fcf8d5db73','http://www.aisec.cn/aiscanner/login.php?msg=%E8%AF%B7%E5%85%88%E7%99%BB%E5%BD%95&t=1512979542','http://127.0.0.1:8775'),('b048b652a46d7fbe','http://www.aisec.cn/aiscanner/login.php?','http://127.0.0.1:8775'),('b08d726c6b8a0d23','http://www.aisec.cn/aiscanner/imageCode.php','http://127.0.0.1:8775'),('b0a4ca47346fed26','http://www.aisec.cn/aiscanner/imageCode.php?r=1512981276','http://127.0.0.1:8775'),('b0aeca85e5c18e32','http://www.aisec.cn/aiscanner/imageCode.php','http://127.0.0.1:8775'),('b0db4650a5a2e6eb','http://demo.aisec.cn/demo/aisec/post_link.php','http://127.0.0.1:8775'),('b0e473270a6563e2','http://www.aisec.cn/aiscanner/imageCode.php','http://127.0.0.1:8775'),('b151fd08011b2eb4','http://www.aisec.cn/aiscanner/imageCode.php?r=1512980841','http://127.0.0.1:8775'),('b15dffac19f94e66','http://www.aisec.cn/aiscanner/imageCode.php','http://127.0.0.1:8775'),('b1718e093c59a540','http://www.aisec.cn/aiscanner/imageCode.php','http://127.0.0.1:8775'),('b1b728e0b38edd1c','http://www.aisec.cn/aiscanner/imageCode.php','http://127.0.0.1:8775'),('b1e0edd89d4a36e0','http://www.aisec.cn/aiscanner/imageCode.php','http://127.0.0.1:8775'),('b2584eae1c41017c','http://www.aisec.cn/aiscanner/imageCode.php','http://127.0.0.1:8775'),('b2e15e57580368a3','http://demo.aisec.cn/demo/aisec/ajax_link.php?id=1&t=0.6098554583732039','http://127.0.0.1:8775'),('b2fe4ddfc90bc33a','http://www.aisec.cn/cn/read.php','http://127.0.0.1:8775'),('b306999d9a430eee','http://demo.aisec.cn/demo/aisec/post_link.php','http://127.0.0.1:8775'),('b308a9baa4201d2c','http://www.aisec.cn/aiscanner/login.php','http://127.0.0.1:8775'),('b3eafd7d7fef5f63','http://demo.aisec.cn/demo/aisec/post_link.php','http://127.0.0.1:8775'),('b4b56911cd98435f','http://www.aisec.cn/aiscanner/imageCode.php?r=1513059442&r=0.5321894797962159&r=0.07672089524567127&r=0.564277736004442&r=0.6536788784433156','http://127.0.0.1:8775'),('b517d50bdfc98aea','http://www.aisec.cn/aiscanner/imageCode.php?r=1512981254&r=0.41205968684516847&r=0.4055852668825537','http://127.0.0.1:8775'),('b5c995d4e889ae50','http://www.aisec.cn/aiscanner/reg.php?','http://127.0.0.1:8775'),('b6004afa116a6ed8','http://www.aisec.cn/aiscanner/imageCode.php','http://127.0.0.1:8775'),('b62b4bf67d40ac43','http://www.aisec.cn/aiscanner/imageCode.php?r=1512981254&r=0.41205968684516847','http://127.0.0.1:8775'),('b62c158e188f62a1','http://www.aisec.cn/aiscanner/imageCode.php?r=1512981287&r=0.4257273585535586&r=0.7003758910577744','http://127.0.0.1:8775'),('b7a18a67528f11f0','http://www.aisec.cn/aiscanner/report.php','http://127.0.0.1:8775'),('b7cedd7acec55e85','http://demo.aisec.cn/demo/aisec/post_link.php','http://127.0.0.1:8775'),('b7e65a8d108238a7','http://www.aisec.cn/aiscanner/imageCode.php?r=1513059442','http://127.0.0.1:8775'),('b8049901798c0095','http://www.aisec.cn/aiscanner/imageCode.php?r=1512979696','http://127.0.0.1:8775'),('b83ea22c66b51b51','http://www.aisec.cn/aiscanner/report.php','http://127.0.0.1:8775'),('b860cc6f7bd76559','http://demo.aisec.cn/demo/aisec/click_link.php','http://127.0.0.1:8775'),('b86dcb727572a091','http://www.aisec.cn/aiscanner/imageCode.php?r=1512979732','http://127.0.0.1:8775'),('b90c3f0edde0c876','http://www.aisec.cn/aiscanner/login.php','http://127.0.0.1:8775'),('b913fdbfbd7a785c','http://www.aisec.cn/aiscanner/imageCode.php','http://127.0.0.1:8775'),('b9801b9686176b57','http://www.aisec.cn/aiscanner/reg.php','http://127.0.0.1:8775'),('b9f170a73054f78e','http://www.aisec.cn/aiscanner/imageCode.php','http://127.0.0.1:8775'),('ba3cb84cbc341dee','http://www.aisec.cn/aiscanner/imageCode.php?r=1513059442&r=0.5321894797962159&r=0.07672089524567127&r=0.564277736004442&r=0.6536788784433156','http://127.0.0.1:8775'),('ba8235e13768947a','http://www.aisec.cn/cn/css/style.css','http://127.0.0.1:8775'),('bba3486bc6759d51','http://www.aisec.cn/aiscanner/imageCode.php','http://127.0.0.1:8775'),('bbbcd67df0bed8b8','http://www.aisec.cn/aiscanner/imageCode.php?r=1512981335','http://127.0.0.1:8775'),('bbc9875f14908d92','http://www.aisec.cn/aiscanner/login.php?','http://127.0.0.1:8775'),('bc00eacf003920ec','http://www.aisec.cn/aiscanner/login.php','http://127.0.0.1:8775'),('bc142fb6afbf2d04','http://demo.aisec.cn/demo/aisec/ajax_link.php','http://127.0.0.1:8775'),('bc8863b9bf45922b','http://www.aisec.cn/aiscanner/imageCode.php?r=1513059537&r=0.8392626773566008&r=0.3127580084837973&r=0.6155287350993603','http://127.0.0.1:8775'),('bd1a1531a88bc91c','http://www.aisec.cn/aiscanner/imageCode.php','http://127.0.0.1:8775'),('bdb7643665e27160','http://demo.aisec.cn/demo/aisec/cookie_link.php','http://127.0.0.1:8775'),('bdc36e2a6f9c3244','http://demo.aisec.cn/demo/aisec/login2.php','http://127.0.0.1:8775'),('be6191b72f9532d2','http://www.aisec.cn/aiscanner/imageCode.php?r=1512979934&r=0.5184876378625631','http://127.0.0.1:8775'),('beed7ea097481fcf','http://www.aisec.cn/aiscanner/imageCode.php','http://127.0.0.1:8775'),('befcd5ad02355f3e','http://www.aisec.cn/aiscanner/login.php','http://127.0.0.1:8775'),('c03b45259da618e8','http://www.aisec.cn/aiscanner/imageCode.php?r=1512979934&r=0.5184876378625631','http://127.0.0.1:8775'),('c242ab07ed9029f1','http://www.aisec.cn/aiscanner/report.php','http://127.0.0.1:8775'),('c268f172d8f1048e','http://www.aisec.cn/aiscanner/imageCode.php?r=1512981309&r=0.7498946685809642&r=0.8847151303198189&r=0.3632128352764994','http://127.0.0.1:8775'),('c2a1c8a104ae9414','http://www.aisec.cn/aiscanner/report.php','http://127.0.0.1:8775'),('c2d3d7731ce059e0','http://www.aisec.cn/aiscanner/imageCode.php','http://127.0.0.1:8775'),('c315455545dc8660','http://www.aisec.cn/aiscanner/imageCode.php?r=1512981309','http://127.0.0.1:8775'),('c3ef072d7b6ea579','http://www.aisec.cn/aiscanner/login.php','http://127.0.0.1:8775'),('c3fafffc67c22bc4','http://demo.aisec.cn/demo/aisec/login2.php','http://127.0.0.1:8775'),('c51cce48fde72056','http://www.aisec.cn/aiscanner/login.php?msg=%E8%AF%B7%E5%85%88%E7%99%BB%E5%BD%95&t=1512979543','http://127.0.0.1:8775'),('c5385dbd4c5cd0f6','http://www.aisec.cn/aiscanner/imageCode.php?r=1512981287','http://127.0.0.1:8775'),('c53f8057fa3d386a','http://demo.aisec.cn/demo/aisec/ajax_link.php?id=1&t=0.792911178432405','http://127.0.0.1:8775'),('c557bc1f7db37072','http://demo.aisec.cn/demo/aisec/post_link.php','http://127.0.0.1:8775'),('c5aafe4cee521017','http://demo.aisec.cn/demo/aisec/ajax_link.php','http://127.0.0.1:8775'),('c606474683e7e1cb','http://demo.aisec.cn/demo/aisec/post_link.php','http://127.0.0.1:8775'),('c680750981525895','http://www.aisec.cn/aiscanner/imageCode.php?r=1512981410&r=0.6623281636275351&r=0.6456362279132009&r=0.36857322650030255','http://127.0.0.1:8775'),('c6d028fb1e21b4c7','http://www.aisec.cn/aiscanner/imageCode.php','http://127.0.0.1:8775'),('c88a096cbc823df2','http://www.aisec.cn/aiscanner/login.php?msg=%E8%AF%B7%E5%85%88%E7%99%BB%E5%BD%95&t=1512979730','http://127.0.0.1:8775'),('c956110d3e46e58d','http://www.aisec.cn/aiscanner/imageCode.php?r=1512981309&r=0.7498946685809642&r=0.8847151303198189&r=0.3632128352764994','http://127.0.0.1:8775'),('c9b54c94f25744f4','http://demo.aisec.cn/demo/aisec/post_link.php','http://127.0.0.1:8775'),('c9fac88923782c5b','http://demo.aisec.cn/demo/aisec/post_link.php','http://127.0.0.1:8775'),('ca9c4071ce2b09f7','http://www.aisec.cn/aiscanner/imageCode.php?r=1512979543','http://127.0.0.1:8775'),('cb7e55e413b1033b','http://www.aisec.cn/aiscanner/imageCode.php','http://127.0.0.1:8775'),('cbb701c04883b3d5','http://demo.aisec.cn/demo/aisec/ajax_link.php?id=1&t=0.1028252060059458','http://127.0.0.1:8775'),('cbc889ccef750d2b','http://demo.aisec.cn/demo/aisec/html_link.php','http://127.0.0.1:8775'),('cbd4fc69b971c22e','http://demo.aisec.cn/demo/aisec/ajax_link.php','http://127.0.0.1:8775'),('cc270827d4849976','http://demo.aisec.cn/demo/aisec/html_link.php?id=2','http://127.0.0.1:8775'),('cc299f4a7c5adb1a','http://demo.aisec.cn/demo/aisec/ajax_link.php','http://127.0.0.1:8775'),('cd38b117a7e0cea0','http://demo.aisec.cn/demo/aisec/click_link.php','http://127.0.0.1:8775'),('cd751e2ce981cd6b','http://www.aisec.cn/aiscanner/imageCode.php?r=1512981254&r=0.41205968684516847','http://127.0.0.1:8775'),('cf5ce570ddd1acb2','http://www.aisec.cn/aiscanner/imageCode.php?r=1512979732&r=0.6298103390727192','http://127.0.0.1:8775'),('cf9804ff7f4a28e3','http://www.aisec.cn/aiscanner/login.php','http://127.0.0.1:8775'),('d066a6f80c532589','http://www.aisec.cn/aiscanner/login.php?','http://127.0.0.1:8775'),('d097dac7d945342b','http://www.aisec.cn/aiscanner/imageCode.php?r=1512981410&r=0.6623281636275351','http://127.0.0.1:8775'),('d0eea35920129c99','http://www.aisec.cn/aiscanner/login.php','http://127.0.0.1:8775'),('d0f432a1ab1cab4e','http://www.aisec.cn/aiscanner/imageCode.php','http://127.0.0.1:8775'),('d138bd3c74b17a15','http://demo.aisec.cn/demo/aisec/ajax_link.php?id=1&t=0.5751144047826529','http://127.0.0.1:8775'),('d1978a306b0b731a','http://demo.aisec.cn/demo/aisec/post_link.php','http://127.0.0.1:8775'),('d20ffe62d8127ba7','http://www.aisec.cn/aiscanner/imageCode.php?r=1512979544&r=0.5164697670843452','http://127.0.0.1:8775'),('d285ff69cc6973af','http://www.aisec.cn/aiscanner/login.php','http://127.0.0.1:8775'),('d3097982d30e8f8b','http://www.aisec.cn/aiscanner/imageCode.php?r=1513059419&r=0.6655058558098972','http://127.0.0.1:8775'),('d31de99db4f16bd5','http://demo.aisec.cn/demo/aisec/ajax_link.php','http://127.0.0.1:8775'),('d34a2fa1d00d4c78','http://www.aisec.cn/aiscanner/imageCode.php?r=1512981410&r=0.6623281636275351&r=0.6456362279132009&r=0.36857322650030255','http://127.0.0.1:8775'),('d3a658094e429a16','http://www.aisec.cn/aiscanner/login.php?','http://127.0.0.1:8775'),('d3cdfe8060b66ce2','http://demo.aisec.cn/demo/aisec/ajax_link.php','http://127.0.0.1:8775'),('d3d6c863231f4096','http://www.aisec.cn/aiscanner/imageCode.php','http://127.0.0.1:8775'),('d5022679e4974ef9','http://www.aisec.cn/aiscanner/imageCode.php?r=1512981410&r=0.6623281636275351','http://127.0.0.1:8775'),('d53bb02aa9209a4d','http://www.aisec.cn/aiscanner/imageCode.php','http://127.0.0.1:8775'),('d543eddd5be7a242','http://www.aisec.cn/aiscanner/login.php?msg=%E8%AF%B7%E5%85%88%E7%99%BB%E5%BD%95&t=1512981385','http://127.0.0.1:8775'),('d5ec20bbfb2acf93','http://www.aisec.cn/aiscanner/imageCode.php','http://127.0.0.1:8775'),('d6417cae5600bfa5','http://www.aisec.cn/cn/read.php?id=20141218','http://127.0.0.1:8775'),('d6703ac80e2c2a2b','http://demo.aisec.cn/demo/aisec/ajax_link.php','http://127.0.0.1:8775'),('d6cd95388ffb988d','http://www.aisec.cn/aiscanner/imageCode.php','http://127.0.0.1:8775'),('d6cfce605e63791c','http://www.aisec.cn/aiscanner/login.php','http://127.0.0.1:8775'),('d6e075bf10f0157b','http://www.aisec.cn/aiscanner/reg.php?','http://127.0.0.1:8775'),('d6fec327ed99f9cd','http://demo.aisec.cn/demo/aisec/login2.php','http://127.0.0.1:8775'),('d73e0061305c2a69','http://www.aisec.cn/aiscanner/login.php?msg=%E8%AF%B7%E5%85%88%E7%99%BB%E5%BD%95&t=1512979542','http://127.0.0.1:8775'),('d760bc739efef166','http://demo.aisec.cn/demo/aisec/click_link.php','http://127.0.0.1:8775'),('d7f823787bde2984','http://www.aisec.cn/aiscanner/imageCode.php?r=1512981410','http://127.0.0.1:8775'),('d838f096647e972a','http://demo.aisec.cn/demo/aisec/post_link.php','http://127.0.0.1:8775'),('d84d2e75a0a3bdb7','http://www.aisec.cn/aiscanner/imageCode.php','http://127.0.0.1:8775'),('d91bd37048a3ac68','http://www.aisec.cn/aiscanner/imageCode.php?r=1512981287','http://127.0.0.1:8775'),('d9a7b46ca022fdb8','http://demo.aisec.cn/demo/aisec/click_link.php','http://127.0.0.1:8775'),('d9aab77b6b55edc6','http://www.aisec.cn/aiscanner/login.php','http://127.0.0.1:8775'),('d9bd540f86911394','http://demo.aisec.cn/demo/aisec/login2.php?','http://127.0.0.1:8775'),('d9d93764493cc58a','http://www.aisec.cn/aiscanner/login.php?','http://127.0.0.1:8775'),('d9e4be64ce1bb065','http://www.aisec.cn/aiscanner/imageCode.php?r=1512981432','http://127.0.0.1:8775'),('d9f444e0880a2ec4','http://demo.aisec.cn/demo/aisec/ajax_link.php','http://127.0.0.1:8775'),('da07d7e31fdb3493','http://www.aisec.cn/aiscanner/login.php','http://127.0.0.1:8775'),('da37c461a7f24083','http://www.aisec.cn/aiscanner/login.php','http://127.0.0.1:8775'),('da3c042c55c04548','http://www.aisec.cn/aiscanner/imageCode.php','http://127.0.0.1:8775'),('dacfa9464b9bd3a3','http://www.aisec.cn/aiscanner/imageCode.php','http://127.0.0.1:8775'),('dad81be5784de35d','http://www.aisec.cn/aiscanner/imageCode.php','http://127.0.0.1:8775'),('db9912b680148e3b','http://www.aisec.cn/aiscanner/imageCode.php','http://127.0.0.1:8775'),('dbef468cbf6998c1','http://www.aisec.cn/aiscanner/imageCode.php?r=1512981432','http://127.0.0.1:8775'),('dbfdc2407b9b7ba0','http://www.aisec.cn/aiscanner/imageCode.php','http://127.0.0.1:8775'),('dc354abcf91ecd11','http://www.aisec.cn/aiscanner/login.php?msg=????&t=1512979542','http://127.0.0.1:8775'),('dc50a32f02277027','http://www.aisec.cn/aiscanner/imageCode.php?r=1512981276','http://127.0.0.1:8775'),('dc5a64604ae6b002','http://www.aisec.cn/aiscanner/login.php','http://127.0.0.1:8775'),('dd238143190e1f67','http://www.aisec.cn/cn/read.php?id=20141218','http://127.0.0.1:8775'),('dd2fd03d0a0abf1f','http://www.aisec.cn/aiscanner/login.php','http://127.0.0.1:8775'),('dd7cee4f3a293d38','http://demo.aisec.cn/demo/aisec/ajax_link.php','http://127.0.0.1:8775'),('de5671c0f71db00d','http://www.aisec.cn/aiscanner/imageCode.php','http://127.0.0.1:8775'),('df34f74862697f34','http://www.aisec.cn/aiscanner/reg.php','http://127.0.0.1:8775'),('df721e841c4acdc4','http://demo.aisec.cn/demo/aisec/ajax_link.php','http://127.0.0.1:8775'),('dfe6b0b116006e25','http://demo.aisec.cn/demo/aisec/ajax_link.php?id=1&t=0.6173781554680318','http://127.0.0.1:8775'),('e0583d6a0565f69f','http://www.aisec.cn/aiscanner/imageCode.php','http://127.0.0.1:8775'),('e1208fbe223aa08d','http://www.aisec.cn/aiscanner/reg.php','http://127.0.0.1:8775'),('e170862d32ce10ef','http://www.aisec.cn/aiscanner/imageCode.php','http://127.0.0.1:8775'),('e187d4723d3e04a6','http://www.aisec.cn/aiscanner/imageCode.php?r=1512981432','http://127.0.0.1:8775'),('e21fd9a0422e5275','http://www.aisec.cn/aiscanner/login.php?msg=%E8%AF%B7%E5%85%88%E7%99%BB%E5%BD%95&t=1512981385','http://127.0.0.1:8775'),('e22c1b54ab60e1e2','http://www.aisec.cn/aiscanner/imageCode.php','http://127.0.0.1:8775'),('e2710316ca4fe559','http://demo.aisec.cn/demo/aisec/js_link.php','http://127.0.0.1:8775'),('e27f0ab914acfe0e','http://www.aisec.cn/aiscanner/imageCode.php','http://127.0.0.1:8775'),('e2990e515c139f57','http://www.aisec.cn/aiscanner/login.php','http://127.0.0.1:8775'),('e2e59c669c259f19','http://www.aisec.cn/aiscanner/login.php?','http://127.0.0.1:8775'),('e3462d79c0a83b7b','http://www.aisec.cn/aiscanner/imageCode.php','http://127.0.0.1:8775'),('e3db60573f8c1674','http://www.aisec.cn/aiscanner/imageCode.php?r=1512981410','http://127.0.0.1:8775'),('e40ea90027a5a4e5','http://demo.aisec.cn/demo/aisec/ajax_link.php?id=1&t=0.6098554583732039','http://127.0.0.1:8775'),('e4482b7ca9bd6514','http://www.aisec.cn/aiscanner/login.php','http://127.0.0.1:8775'),('e4d4310e19cd7f30','http://www.aisec.cn/aiscanner/login.php','http://127.0.0.1:8775'),('e5d691ec1a044884','http://demo.aisec.cn/demo/aisec/ajax_link.php','http://127.0.0.1:8775'),('e5e3346e63df9dac','http://www.aisec.cn/aiscanner/imageCode.php','http://127.0.0.1:8775'),('e6dec360d6249d9e','http://www.aisec.cn/aiscanner/imageCode.php','http://127.0.0.1:8775'),('e7052bf97e355cde','http://www.aisec.cn/aiscanner/imageCode.php?r=1512979658&r=0.0612626860383898','http://127.0.0.1:8775'),('e80d74da16e55d87','http://www.aisec.cn/aiscanner/reg.php','http://127.0.0.1:8775'),('e94ba84ce505ca27','http://www.aisec.cn/aiscanner/login.php','http://127.0.0.1:8775'),('e9998303139d6b6a','http://demo.aisec.cn/demo/aisec/ajax_link.php','http://127.0.0.1:8775'),('e9b0350bda05d30b','http://www.aisec.cn/aiscanner/imageCode.php?r=1512980841','http://127.0.0.1:8775'),('e9da18e93c618656','http://www.aisec.cn/aiscanner/imageCode.php','http://127.0.0.1:8775'),('e9eb40ad9378a89a','http://www.aisec.cn/aiscanner/imageCode.php','http://127.0.0.1:8775'),('ea02d86a351ac32b','http://demo.aisec.cn/demo/aisec/ajax_link.php?id=1&t=0.8936348038259894','http://127.0.0.1:8775'),('ea5d680c94c9456d','http://www.aisec.cn/aiscanner/login.php?msg=%E8%AF%B7%E5%85%88%E7%99%BB%E5%BD%95&t=1513059506','http://127.0.0.1:8775'),('eab1c477f71d5e64','http://www.aisec.cn/aiscanner/imageCode.php','http://127.0.0.1:8775'),('eabcae480768404c','http://demo.aisec.cn/demo/aisec/click_link.php?id=2','http://127.0.0.1:8775'),('eae8775b0985cd55','http://www.aisec.cn/aiscanner/imageCode.php','http://127.0.0.1:8775'),('eb024c140e633cf2','http://www.aisec.cn/aiscanner/imageCode.php','http://127.0.0.1:8775'),('eb68a0349332b886','http://www.aisec.cn/aiscanner/imageCode.php?r=1512981287&r=0.4257273585535586','http://127.0.0.1:8775'),('eb8ff9971743b20f','http://www.aisec.cn/aiscanner/imageCode.php','http://127.0.0.1:8775'),('ebc6c730c2c8bdf4','http://www.aisec.cn/cn/read.php','http://127.0.0.1:8775'),('ecc6a718a8852381','http://demo.aisec.cn/demo/aisec/ajax_link.php?id=1&t=0.03338349889963865','http://127.0.0.1:8775'),('ecfbd448291f1c8c','http://www.aisec.cn/aiscanner/report.php','http://127.0.0.1:8775'),('ee5c14b3b017b1b1','http://www.aisec.cn/aiscanner/imageCode.php','http://127.0.0.1:8775'),('eeab1846d2f0f662','http://demo.aisec.cn/demo/aisec/ajax_link.php?id=1&t=0.6173781554680318','http://127.0.0.1:8775'),('eed80bf6e5fedb08','http://www.aisec.cn/aiscanner/login.php?msg=%E8%AF%B7%E5%85%88%E7%99%BB%E5%BD%95&t=1512979543','http://127.0.0.1:8775'),('eedeada1e62ca256','http://www.aisec.cn/aiscanner/imageCode.php?r=1512981309&r=0.7498946685809642&r=0.8847151303198189&r=0.3632128352764994','http://127.0.0.1:8775'),('ef75b0fc43fc009a','http://demo.aisec.cn/demo/aisec/ajax_link.php','http://127.0.0.1:8775'),('ef8eb1ee4a4e5542','http://www.aisec.cn/aiscanner/imageCode.php','http://127.0.0.1:8775'),('f04593f2a5df23b0','http://www.aisec.cn/aiscanner/login.php','http://127.0.0.1:8775'),('f0a68f02675e4b27','http://www.aisec.cn/aiscanner/imageCode.php?r=1512979658&r=0.0612626860383898','http://127.0.0.1:8775'),('f1338f8af9bb55c1','http://demo.aisec.cn/demo/aisec/post_link.php','http://127.0.0.1:8775'),('f1b26bc13dd9d05d','http://demo.aisec.cn/demo/aisec/js_link.php','http://127.0.0.1:8775'),('f1c1f90c759b423f','http://demo.aisec.cn/demo/aisec/ajax_link.php','http://127.0.0.1:8775'),('f1c437615ed88829','http://www.aisec.cn/aiscanner/imageCode.php?r=1512981410&r=0.6623281636275351&r=0.6456362279132009&r=0.36857322650030255','http://127.0.0.1:8775'),('f1f1df76bf92688c','http://www.aisec.cn/aiscanner/login.php?','http://127.0.0.1:8775'),('f217fbb07db23a0a','http://www.aisec.cn/aiscanner/imageCode.php?r=1512979696&r=0.45059624244458973&r=0.00839228299446404','http://127.0.0.1:8775'),('f22b50ed25db3cb6','http://demo.aisec.cn/demo/aisec/js_link.php','http://127.0.0.1:8775'),('f2357d71f64040c7','http://demo.aisec.cn/demo/aisec/ajax_link.php?id=1&t=0.800803549354896','http://127.0.0.1:8775'),('f28c07c225638682','http://www.aisec.cn/aiscanner/imageCode.php','http://127.0.0.1:8775'),('f2e1db48491b536e','http://www.aisec.cn/aiscanner/report.php?id=894179&h=fe482340d4fe9a89','http://127.0.0.1:8775'),('f2e544c583a92725','http://demo.aisec.cn/demo/aisec/ajax_link.php','http://127.0.0.1:8775'),('f3b4d0904063aa44','http://demo.aisec.cn/demo/aisec/ajax_link.php','http://127.0.0.1:8775'),('f3d41c2312a5608f','http://www.aisec.cn/aiscanner/login.php','http://127.0.0.1:8775'),('f42f1e8040f2ec6f','http://www.aisec.cn/aiscanner/imageCode.php','http://127.0.0.1:8775'),('f466aa9532fbfe6f','http://www.aisec.cn/aiscanner/imageCode.php','http://127.0.0.1:8775'),('f49201c8527415aa','http://demo.aisec.cn/demo/aisec/post_link.php','http://127.0.0.1:8775'),('f5116d08eeb1d421','http://www.aisec.cn/aiscanner/imageCode.php','http://127.0.0.1:8775'),('f5a63a8c14ddc699','http://www.aisec.cn/aiscanner/imageCode.php','http://127.0.0.1:8775'),('f5b2eb1b27ed53fc','http://www.aisec.cn/aiscanner/imageCode.php?r=1512979934&r=0.5184876378625631&r=0.5476926516275853','http://127.0.0.1:8775'),('f5ee09bad089db05','http://demo.aisec.cn/demo/aisec/post_link.php','http://127.0.0.1:8775'),('f6471d982aca8032','http://demo.aisec.cn/demo/aisec/ajax_link.php','http://127.0.0.1:8775'),('f667c01069bd5256','http://demo.aisec.cn/demo/aisec/cookie_link.php?id=1','http://127.0.0.1:8775'),('f66c303d270e39e3','http://www.aisec.cn/aiscanner/imageCode.php?r=1512979658&r=0.0612626860383898','http://127.0.0.1:8775'),('f68e03b2bc0f0ff4','http://www.aisec.cn/aiscanner/imageCode.php','http://127.0.0.1:8775'),('f7d2fa04f4841d1c','http://www.aisec.cn/aiscanner/report.php?id=894179&h=fe482340d4fe9a89','http://127.0.0.1:8775'),('f81b87fabf792afc','http://www.aisec.cn/aiscanner/imageCode.php?r=1512981410&r=0.6623281636275351&r=0.6456362279132009','http://127.0.0.1:8775'),('f8272e9329be72fe','http://www.aisec.cn/aiscanner/login.php?msg=%E8%AF%B7%E5%85%88%E7%99%BB%E5%BD%95&t=1512979731','http://127.0.0.1:8775'),('f84fb383ff8f1a4d','http://www.aisec.cn/aiscanner/imageCode.php?r=1513059442&r=0.5321894797962159','http://127.0.0.1:8775'),('f884fbaeaa4f89e1','http://demo.aisec.cn/demo/aisec/js_link.php','http://127.0.0.1:8775'),('f8acdc5c2b159d5d','http://www.aisec.cn/aiscanner/imageCode.php','http://127.0.0.1:8775'),('f8c1053e72197b26','http://demo.aisec.cn/demo/aisec/ajax_link.php','http://127.0.0.1:8775'),('f951f6a5215c7904','http://demo.aisec.cn/demo/aisec/js_link.php?abc','http://127.0.0.1:8775'),('f9521c704a681421','http://www.aisec.cn/aiscanner/login.php','http://127.0.0.1:8775'),('f95d053cbb668774','http://demo.aisec.cn/demo/aisec/post_link.php','http://127.0.0.1:8775'),('fabb7970b74861d8','http://demo.aisec.cn/demo/aisec/click_link.php','http://127.0.0.1:8775'),('fbe4f605ddd26b74','http://demo.aisec.cn/demo/aisec/ajax_link.php?id=1&t=0.1028252060059458','http://127.0.0.1:8775'),('fce1ff9f8e37cb01','http://www.aisec.cn/aiscanner/login.php','http://127.0.0.1:8775'),('fdaa193c7b98ff18','http://demo.aisec.cn/demo/aisec/ajax_link.php?id=1&t=0.6173781554680318','http://127.0.0.1:8775'),('fe2f4ac2f1739e00','http://www.aisec.cn/aiscanner/imageCode.php','http://127.0.0.1:8775'),('fee9edd3a6477b85','http://www.aisec.cn/aiscanner/imageCode.php','http://127.0.0.1:8775'),('fef9b2d01152c813','http://www.aisec.cn/aiscanner/login.php?','http://127.0.0.1:8775'),('fff7e55985e1babb','http://demo.aisec.cn/demo/aisec/ajax_link.php?id=1&t=0.6173781554680318','http://127.0.0.1:8775');
/*!40000 ALTER TABLE `task_urls` ENABLE KEYS */;
UNLOCK TABLES;

--
-- Table structure for table `test_result_urls`
--

DROP TABLE IF EXISTS `test_result_urls`;
/*!40101 SET @saved_cs_client     = @@character_set_client */;
/*!40101 SET character_set_client = utf8 */;
CREATE TABLE `test_result_urls` (
  `domain` varchar(100) NOT NULL,
  `url` varchar(500) NOT NULL,
  `port` int(10) NOT NULL,
  `method` varchar(10) NOT NULL,
  `query` varchar(500) DEFAULT NULL,
  `data` varchar(5000) DEFAULT NULL
) ENGINE=InnoDB DEFAULT CHARSET=latin1;
/*!40101 SET character_set_client = @saved_cs_client */;

--
-- Dumping data for table `test_result_urls`
--

LOCK TABLES `test_result_urls` WRITE;
/*!40000 ALTER TABLE `test_result_urls` DISABLE KEYS */;
/*!40000 ALTER TABLE `test_result_urls` ENABLE KEYS */;
UNLOCK TABLES;

--
-- Table structure for table `xss_urls`
--

DROP TABLE IF EXISTS `xss_urls`;
/*!40101 SET @saved_cs_client     = @@character_set_client */;
/*!40101 SET character_set_client = utf8 */;
CREATE TABLE `xss_urls` (
  `url` varchar(500) NOT NULL,
  `payload` varchar(1000) NOT NULL,
  `id` int(10) NOT NULL AUTO_INCREMENT,
  PRIMARY KEY (`id`)
) ENGINE=InnoDB DEFAULT CHARSET=latin1;
/*!40101 SET character_set_client = @saved_cs_client */;

--
-- Dumping data for table `xss_urls`
--

LOCK TABLES `xss_urls` WRITE;
/*!40000 ALTER TABLE `xss_urls` DISABLE KEYS */;
/*!40000 ALTER TABLE `xss_urls` ENABLE KEYS */;
UNLOCK TABLES;

--
-- Final view structure for view `child_urls`
--

/*!50001 DROP TABLE IF EXISTS `child_urls`*/;
/*!50001 DROP VIEW IF EXISTS `child_urls`*/;
/*!50001 SET @saved_cs_client          = @@character_set_client */;
/*!50001 SET @saved_cs_results         = @@character_set_results */;
/*!50001 SET @saved_col_connection     = @@collation_connection */;
/*!50001 SET character_set_client      = utf8 */;
/*!50001 SET character_set_results     = utf8 */;
/*!50001 SET collation_connection      = utf8_general_ci */;
/*!50001 CREATE ALGORITHM=UNDEFINED */
/*!50013 DEFINER=`root`@`localhost` SQL SECURITY DEFINER */
/*!50001 VIEW `child_urls` AS select distinct `result_urls`.`domain` AS `domain` from `result_urls` */;
/*!50001 SET character_set_client      = @saved_cs_client */;
/*!50001 SET character_set_results     = @saved_cs_results */;
/*!50001 SET collation_connection      = @saved_col_connection */;
/*!40103 SET TIME_ZONE=@OLD_TIME_ZONE */;

/*!40101 SET SQL_MODE=@OLD_SQL_MODE */;
/*!40014 SET FOREIGN_KEY_CHECKS=@OLD_FOREIGN_KEY_CHECKS */;
/*!40014 SET UNIQUE_CHECKS=@OLD_UNIQUE_CHECKS */;
/*!40101 SET CHARACTER_SET_CLIENT=@OLD_CHARACTER_SET_CLIENT */;
/*!40101 SET CHARACTER_SET_RESULTS=@OLD_CHARACTER_SET_RESULTS */;
/*!40101 SET COLLATION_CONNECTION=@OLD_COLLATION_CONNECTION */;
/*!40111 SET SQL_NOTES=@OLD_SQL_NOTES */;

-- Dump completed on 2017-12-13 16:12:10
